Equipment ID,Type,Customer ID,Site ID,Check-Out Date,Check-In Date,Expected Return Date,Actual Check-In Date,Engine Hours/Day,Idle Hours/Day,Operating Days,Last Operator ID,penalty_charged,penalty_paid,is_overdue_now,cycle_number,gap_days_to_next_checkout,is_anomaly_ground_truth,is_last_cycle,label,idle_ratio,utilization,rental_length_days,n_prior_cycles,prior_idle_ratio_mean,prior_utilization_mean,prior_idle_ratio_last,prior_rental_length_mean,reallocatable_probability,reallocatable_flag
EQX1000,Grader,CUST18,S004,2025-01-01,2025-01-29,2025-01-30,2025-01-29,3.9,2.8,29,OP188,False,,False,1,8,False,False,0,0.41791044776119407,0.65,28,0,,,,,0.4158,False
EQX1000,Grader,CUST15,S003,2025-02-06,2025-02-22,2025-02-23,2025-02-22,4.2,2.5,17,OP305,False,,False,2,10,False,False,0,0.3731343283582089,0.7000000000000001,16,1,0.41791044776119407,0.65,0.41791044776119407,28.0,0.2602,False
EQX1000,Grader,CUST18,S002,2025-03-04,2025-03-31,2025-04-01,2025-03-31,4.5,1.3,28,OP143,False,,False,3,4,False,False,0,0.22413793103448276,0.75,27,2,0.3955223880597015,0.675,0.3731343283582089,22.0,0.3692,False
EQX1000,Grader,CUST16,S005,2025-04-04,2025-04-23,2025-04-24,2025-04-23,4.8,2.2,20,OP181,False,,False,4,4,False,False,0,0.31428571428571433,0.7999999999999999,19,3,0.3383942357179619,0.7000000000000001,0.22413793103448276,23.666666666666668,0.3327,False
EQX1000,Grader,CUST13,S001,2025-04-27,2025-05-25,2025-05-26,2025-05-25,5.0,2.0,29,OP188,False,,False,5,5,False,False,0,0.2857142857142857,0.8333333333333334,28,4,0.3323671053599,0.725,0.31428571428571433,22.5,0.2881,False
EQX1000,Grader,CUST09,S004,2025-05-30,2025-06-26,2025-06-26,2025-06-26,4.6,1.4,27,OP234,False,,False,6,13,False,False,0,0.2333333333333333,0.7666666666666666,27,5,0.32303654143077715,0.7466666666666667,0.2857142857142857,23.6,0.3029,False
EQX1000,Grader,CUST12,S006,2025-07-09,2025-07-30,2025-07-30,2025-07-30,3.1,2.7,21,OP318,False,,False,7,1,False,False,0,0.46551724137931033,0.5166666666666667,21,6,0.30808600674786984,0.75,0.2333333333333333,24.166666666666668,0.3305,False
EQX1000,Grader,CUST13,S003,2025-07-31,2025-08-26,2025-08-27,2025-08-26,5.0,1.8,27,OP162,False,,False,8,11,False,False,0,0.2647058823529412,0.8333333333333334,26,7,0.33057618312378995,0.7166666666666667,0.46551724137931033,23.714285714285715,0.2593,False
EQX1000,Grader,CUST15,S003,2025-09-06,2025-09-19,2025-09-20,2025-09-19,3.5,11.2,14,,False,,False,9,7,True,False,0,0.7619047619047619,0.5833333333333334,13,8,0.3223423955274338,0.73125,0.2647058823529412,24.0,0.3116,False
EQX1000,Grader,CUST12,S004,2025-09-26,2025-10-23,2025-10-23,2025-10-23,3.3,2.9,27,OP183,False,,False,10,23,False,False,1,0.467741935483871,0.5499999999999999,27,9,0.37118265845824805,0.7148148148148148,0.7619047619047619,22.77777777777778,0.4658,False
EQX1000,Grader,CUST07,S006,2025-11-15,2025-12-04,2025-12-05,2025-12-04,4.1,2.4,20,OP299,False,,False,11,2,False,False,0,0.3692307692307692,0.6833333333333332,19,10,0.38083858616081034,0.6983333333333334,0.467741935483871,23.2,0.2871,False
EQX1000,Grader,CUST09,S004,2025-12-06,2025-12-17,2025-12-17,2025-12-17,5.2,1.2,11,OP212,False,,False,12,3,False,False,0,0.18749999999999997,0.8666666666666667,11,11,0.37978333007626114,0.696969696969697,0.3692307692307692,22.818181818181817,0.1764,False
EQX1000,Grader,CUST02,S002,2025-12-20,2025-12-30,2025-12-31,2025-12-30,3.7,3.0,11,OP319,False,,False,13,8,False,True,,0.44776119402985076,0.6166666666666667,10,12,0.3637597192365727,0.7111111111111111,0.18749999999999997,21.833333333333332,0.3115,False
EQX1001,Grader,CUST17,S006,2025-01-01,2025-01-20,2025-01-20,2025-01-20,5.1,1.3,19,OP123,False,,False,1,17,False,False,1,0.20312500000000003,0.85,19,0,,,,,0.4231,False
EQX1001,Grader,CUST03,S004,2025-02-06,2025-02-19,2025-02-20,2025-02-19,3.7,3.0,14,OP286,False,,False,2,40,False,False,1,0.44776119402985076,0.6166666666666667,13,1,0.20312500000000003,0.85,0.20312500000000003,19.0,0.4205,False
EQX1001,Grader,CUST08,S002,2025-03-31,2025-04-12,2025-04-12,2025-04-12,3.6,3.4,12,OP203,False,,False,3,10,False,False,0,0.4857142857142857,0.6,12,2,0.3254430970149254,0.7333333333333334,0.44776119402985076,16.0,0.3154,False
EQX1001,Grader,CUST02,S001,2025-04-22,2025-05-20,2025-05-21,2025-05-20,4.6,2.0,29,OP147,False,,False,4,17,False,False,1,0.30303030303030304,0.7666666666666666,28,3,0.3788668265813788,0.6888888888888888,0.4857142857142857,14.666666666666666,0.451,False
EQX1001,Grader,CUST16,S003,2025-06-06,2025-07-03,2025-07-03,2025-07-03,2.8,3.8,27,OP247,False,,False,5,0,False,False,0,0.5757575757575758,0.4666666666666666,27,4,0.35990769569360986,0.7083333333333333,0.30303030303030304,18.0,0.4225,False
EQX1001,Grader,CUST03,S001,2025-07-03,2025-07-18,2025-07-18,2025-07-18,3.9,2.5,15,OP192,False,,False,6,2,False,False,0,0.390625,0.65,15,5,0.4030776717064031,0.6599999999999999,0.5757575757575758,19.8,0.3395,False
EQX1001,Grader,CUST04,S001,2025-07-20,2025-08-04,2025-08-05,2025-08-04,4.8,2.0,16,OP241,False,,False,7,6,False,False,0,0.29411764705882354,0.7999999999999999,15,6,0.40100222642200256,0.6583333333333333,0.390625,19.0,0.2997,False
EQX1001,Grader,CUST14,S006,2025-08-10,2025-09-07,2025-09-08,2025-09-07,4.5,2.3,29,OP137,False,,False,8,14,False,False,1,0.338235294117647,0.75,28,7,0.3857330007986913,0.6785714285714286,0.29411764705882354,18.428571428571427,0.4623,False
EQX1001,Grader,CUST15,S001,2025-09-21,2025-10-04,2025-10-05,2025-10-04,4.6,1.9,14,OP296,False,,False,9,4,False,False,0,0.29230769230769227,0.7666666666666666,13,8,0.37979578746356074,0.6875,0.338235294117647,19.625,0.2555,False
EQX1001,Grader,CUST06,S003,2025-10-08,2025-10-18,2025-10-18,2025-10-18,4.0,2.9,10,OP223,False,,False,10,27,False,False,1,0.42028985507246375,0.6666666666666666,10,9,0.37007488800179755,0.6962962962962963,0.29230769230769227,18.88888888888889,0.4088,False
EQX1001,Grader,CUST01,S003,2025-11-14,2025-11-30,2025-12-01,2025-11-30,2.5,3.6,17,OP227,False,,False,11,27,False,True,,0.5901639344262296,0.4166666666666667,16,10,0.3750963847088642,0.6933333333333334,0.42028985507246375,18.0,0.2865,False
EQX1002,Crane,CUST07,S001,2025-01-01,2025-01-26,2025-01-26,2025-01-26,3.7,2.3,25,OP135,False,,False,1,5,False,False,0,0.3833333333333333,0.74,25,0,,,,,0.4256,False
EQX1002,Crane,CUST02,S002,2025-01-31,2025-02-21,2025-02-21,2025-02-21,0.7,11.9,21,OP131,False,,False,2,25,True,False,1,0.9444444444444445,0.13999999999999999,21,1,0.3833333333333333,0.74,0.3833333333333333,25.0,0.5589,True
EQX1002,Crane,CUST17,S004,2025-03-18,2025-04-13,2025-04-13,2025-04-13,3.7,1.8,26,OP269,False,,False,3,1,False,False,0,0.32727272727272727,0.74,26,2,0.663888888888889,0.44,0.9444444444444445,23.0,0.4132,False
EQX1002,Crane,CUST13,S004,2025-04-14,2025-05-04,2025-05-04,2025-05-04,2.8,3.5,20,OP193,False,,False,4,5,False,False,0,0.5555555555555556,0.5599999999999999,20,3,0.5516835016835017,0.54,0.32727272727272727,24.0,0.3142,False
EQX1002,Crane,CUST17,S003,2025-05-09,2025-06-01,2025-06-02,2025-06-01,4.2,1.2,24,OP191,False,,False,5,3,False,False,0,0.2222222222222222,0.8400000000000001,23,4,0.5526515151515152,0.5449999999999999,0.5555555555555556,23.0,0.3094,False
EQX1002,Crane,CUST16,S001,2025-06-04,2025-06-26,2025-06-26,2025-06-26,3.0,2.6,22,OP216,False,,False,6,0,False,False,0,0.46428571428571436,0.6,22,5,0.48656565656565653,0.604,0.2222222222222222,23.0,0.3411,False
EQX1002,Crane,CUST16,S003,2025-06-26,2025-07-08,2025-07-08,2025-07-08,3.7,1.6,12,OP328,False,,False,7,0,False,False,0,0.3018867924528302,0.74,12,6,0.48285233285233287,0.6033333333333334,0.46428571428571436,22.833333333333332,0.2817,False
EQX1002,Crane,CUST05,S004,2025-07-08,2025-07-22,2025-07-23,2025-07-22,2.5,11.0,15,,False,,False,8,13,True,False,0,0.8148148148148148,0.5,14,7,0.45700011279526104,0.6228571428571429,0.3018867924528302,21.285714285714285,0.3244,False
EQX1002,Crane,CUST17,S004,2025-08-04,2025-08-25,2025-08-26,2025-08-25,4.0,1.8,22,OP227,False,,False,9,21,False,False,1,0.3103448275862069,0.8,21,8,0.5017269505477053,0.6075,0.8148148148148148,20.375,0.4626,False
EQX1002,Crane,CUST11,S005,2025-09-15,2025-10-01,2025-10-02,2025-10-01,2.8,2.9,17,OP111,False,,False,10,21,False,False,1,0.5087719298245614,0.5599999999999999,16,9,0.4804622702186499,0.6288888888888889,0.3103448275862069,20.444444444444443,0.4702,False
EQX1002,Crane,CUST09,S004,2025-10-22,2025-11-14,2025-11-14,2025-11-14,3.9,2.2,23,OP157,False,,False,11,4,False,False,0,0.3606557377049181,0.78,23,10,0.4832932361792411,0.622,0.5087719298245614,20.0,0.3503,False
EQX1002,Crane,CUST10,S005,2025-11-18,2025-12-09,2025-12-09,2025-12-09,2.6,2.7,21,OP300,False,,False,12,10,False,True,,0.5094339622641509,0.52,21,11,0.47214437268157533,0.6363636363636364,0.3606557377049181,20.272727272727273,0.3405,False
EQX1003,Excavator,CUST13,S003,2025-01-01,2025-01-18,2025-01-18,2025-01-18,1.8,9.4,17,OP118,False,,False,1,21,True,False,1,0.8392857142857142,0.225,17,0,,,,,0.5833,True
EQX1003,Excavator,CUST15,S005,2025-02-08,2025-02-23,2025-02-23,2025-02-23,1.1,7.8,15,OP168,False,,False,2,30,False,False,1,0.8764044943820224,0.1375,15,1,0.8392857142857142,0.225,0.8392857142857142,17.0,0.7215,True
EQX1003,Excavator,CUST13,S005,2025-03-25,2025-04-23,2025-04-23,2025-04-23,6.3,2.9,29,OP141,False,,False,3,38,False,False,1,0.31521739130434784,0.7875,29,2,0.8578451043338683,0.18125000000000002,0.8764044943820224,16.0,0.6145,True
EQX1003,Excavator,CUST06,S006,2025-05-31,2025-06-14,2025-06-14,2025-06-14,4.5,4.0,14,OP240,False,,False,4,5,False,False,0,0.47058823529411764,0.5625,14,3,0.6769691999906948,0.3833333333333333,0.31521739130434784,20.333333333333332,0.3809,False
EQX1003,Excavator,CUST08,S005,2025-06-19,2025-07-15,2025-07-16,2025-07-15,3.7,4.8,27,OP164,False,,False,5,9,False,False,0,0.5647058823529412,0.4625,26,4,0.6253739588165506,0.428125,0.47058823529411764,18.75,0.4596,False
EQX1003,Excavator,CUST07,S003,2025-07-24,2025-08-21,2025-08-21,2025-08-21,1.3,7.8,28,OP301,False,,False,6,33,True,False,1,0.8571428571428572,0.1625,28,5,0.6132403435238286,0.43499999999999994,0.5647058823529412,20.2,0.6084,True
EQX1003,Excavator,CUST07,S001,2025-09-23,2025-10-14,2025-10-14,2025-10-14,4.5,3.6,21,OP230,False,,False,7,4,False,False,0,0.4444444444444445,0.5625,21,6,0.6538907624603334,0.38958333333333334,0.8571428571428572,21.5,0.4347,False
EQX1003,Excavator,CUST06,S002,2025-10-18,2025-11-15,2025-11-16,2025-11-15,3.8,5.6,29,OP143,False,,False,8,22,False,False,1,0.5957446808510639,0.475,28,7,0.6239698598866349,0.41428571428571426,0.4444444444444445,21.428571428571427,0.4932,False
EQX1003,Excavator,CUST18,S001,2025-12-07,2025-12-30,2025-12-30,2025-12-30,3.7,5.1,23,OP148,False,,False,9,0,False,True,,0.5795454545454545,0.4625,23,8,0.6204417125071886,0.421875,0.5957446808510639,22.25,0.4549,False
EQX1004,Crane,CUST08,S002,2025-01-01,2025-01-21,2025-01-22,2025-01-21,0.9,9.8,21,OP159,False,,False,1,2,True,False,0,0.9158878504672897,0.18,20,0,,,,,0.5627,True
EQX1004,Crane,CUST13,S004,2025-01-23,2025-02-04,2025-02-04,2025-02-04,0.0,12.8,12,OP256,False,,False,2,6,True,False,0,1.0,0.0,12,1,0.9158878504672897,0.18,0.9158878504672897,20.0,0.578,True
EQX1004,Crane,CUST02,S002,2025-02-10,2025-03-09,2025-03-09,2025-03-09,4.5,1.3,27,OP155,False,,False,3,3,False,False,0,0.22413793103448276,0.9,27,2,0.9579439252336448,0.09,1.0,16.0,0.4682,False
EQX1004,Crane,CUST17,S005,2025-03-12,2025-03-31,2025-03-31,2025-03-31,3.3,1.5,19,OP260,False,,False,4,10,False,False,0,0.3125,0.6599999999999999,19,3,0.7133419271672574,0.36000000000000004,0.22413793103448276,19.666666666666668,0.3888,False
EQX1004,Crane,CUST05,S006,2025-04-10,2025-05-01,2025-05-01,2025-05-01,3.8,1.8,21,OP102,False,,False,5,1,False,False,0,0.32142857142857145,0.76,21,4,0.6131314453754431,0.43499999999999994,0.3125,19.5,0.415,False
EQX1004,Crane,CUST17,S002,2025-05-02,2025-05-17,2025-05-17,2025-05-17,0.0,11.1,15,OP191,False,,False,6,4,True,False,0,1.0,0.0,15,5,0.5547908705860688,0.5,0.32142857142857145,19.8,0.3747,False
EQX1004,Crane,CUST12,,2025-05-21,2025-06-19,2025-06-19,2025-06-19,2.0,5.9,29,OP153,False,,False,7,7,True,False,0,0.7468354430379747,0.4,29,6,0.6289923921550573,0.4166666666666667,1.0,19.0,0.4188,False
EQX1004,Crane,CUST07,S006,2025-06-26,2025-07-05,2025-07-06,2025-07-05,3.3,2.2,10,OP291,False,,False,8,15,False,False,1,0.4,0.6599999999999999,9,7,0.6458271137097598,0.41428571428571426,0.7468354430379747,20.428571428571427,0.5603,True
EQX1004,Crane,CUST06,S001,2025-07-20,2025-08-17,2025-08-17,2025-08-17,5.3,0.5,28,OP315,False,,False,9,9,False,False,0,0.08620689655172414,1.06,28,8,0.6150987244960399,0.44499999999999995,0.4,19.0,0.3751,False
EQX1004,Crane,CUST05,S002,2025-08-26,2025-09-13,2025-09-14,2025-09-13,4.7,0.6,19,OP105,False,,False,10,0,False,False,0,0.11320754716981132,0.9400000000000001,18,9,0.5563329658355604,0.5133333333333333,0.08620689655172414,20.0,0.2196,False
EQX1004,Crane,CUST16,S003,2025-09-13,2025-10-06,2025-10-06,2025-10-06,4.2,1.7,23,OP217,False,,False,11,5,False,False,0,0.28813559322033894,0.8400000000000001,23,10,0.5120204239689854,0.5559999999999999,0.11320754716981132,19.8,0.2161,False
EQX1004,Crane,CUST05,S002,2025-10-11,2025-10-27,2025-10-27,2025-10-27,0.0,9.5,16,OP191,False,,False,12,1,True,False,0,1.0,0.0,16,11,0.4916672575372903,0.5818181818181819,0.28813559322033894,20.09090909090909,0.2601,False
EQX1004,Crane,CUST02,S001,2025-10-28,2025-11-13,2025-11-13,2025-11-13,4.6,0.5,16,OP177,False,,False,13,4,False,False,0,0.09803921568627452,0.9199999999999999,16,12,0.5340283194091827,0.5333333333333333,1.0,19.75,0.2003,False
EQX1004,Crane,CUST11,S005,2025-11-17,2025-12-01,2025-12-02,2025-12-01,3.6,1.5,15,OP180,False,,False,14,6,False,False,0,0.29411764705882354,0.72,14,13,0.5004906960458821,0.5630769230769231,0.09803921568627452,19.46153846153846,0.1955,False
EQX1004,Crane,CUST14,S002,2025-12-07,2025-12-17,2025-12-18,2025-12-17,3.6,11.3,11,OP208,False,,False,15,3,True,True,,0.7583892617449665,0.72,10,14,0.4857497639753779,0.5742857142857142,0.29411764705882354,19.071428571428573,0.3026,False
EQX1005,Bulldozer,CUST17,S005,2025-01-01,2025-01-20,2025-01-20,2025-01-20,4.6,4.0,19,OP311,False,,False,1,15,False,False,1,0.46511627906976744,0.575,19,0,,,,,0.5349,True
EQX1005,Bulldozer,CUST15,S001,2025-02-04,2025-02-20,2025-02-21,2025-02-20,5.8,2.4,17,OP182,False,,False,2,30,False,False,1,0.29268292682926833,0.725,16,1,0.46511627906976744,0.575,0.46511627906976744,19.0,0.4166,False
EQX1005,Bulldozer,CUST06,S006,2025-03-22,2025-04-04,2025-04-04,2025-04-04,6.6,1.4,13,OP211,False,,False,3,0,False,False,0,0.175,0.825,13,2,0.37889960294951786,0.6499999999999999,0.29268292682926833,17.5,0.2424,False
EQX1005,Bulldozer,CUST08,S005,2025-04-04,2025-05-02,2025-05-03,2025-05-02,6.3,2.2,29,OP135,False,,False,4,14,False,False,1,0.25882352941176473,0.7875,28,3,0.3109330686330119,0.7083333333333334,0.175,16.0,0.4798,False
EQX1005,Bulldozer,CUST02,S003,2025-05-16,2025-06-04,2025-06-04,2025-06-04,5.7,3.0,19,OP235,False,,False,5,2,False,False,0,0.3448275862068966,0.7125,19,4,0.2979056838277001,0.7281249999999999,0.25882352941176473,19.0,0.3526,False
EQX1005,Bulldozer,CUST17,S004,2025-06-06,2025-06-30,2025-06-30,2025-06-30,6.2,2.5,24,OP146,False,,False,6,5,False,False,0,0.2873563218390805,0.775,24,5,0.3072900643035394,0.725,0.3448275862068966,19.0,0.349,False
EQX1005,Bulldozer,CUST10,S005,2025-07-05,2025-07-24,2025-07-25,2025-07-24,4.9,3.3,20,OP250,False,,False,7,0,False,False,0,0.4024390243902439,0.6125,19,6,0.3039677738927962,0.7333333333333334,0.2873563218390805,19.833333333333332,0.3752,False
EQX1005,Bulldozer,CUST09,S003,2025-07-24,2025-08-11,2025-08-12,2025-08-11,6.8,2.5,19,OP242,False,,False,8,14,False,False,1,0.26881720430107525,0.85,18,7,0.3180350953924317,0.7160714285714286,0.4024390243902439,19.714285714285715,0.3705,False
EQX1005,Bulldozer,CUST09,S002,2025-08-25,2025-09-11,2025-09-11,2025-09-11,5.8,2.5,17,OP175,False,,False,9,19,False,False,1,0.3012048192771084,0.725,17,8,0.3118828590060121,0.7328125,0.26881720430107525,19.5,0.3787,False
EQX1005,Bulldozer,CUST05,S006,2025-09-30,2025-10-13,2025-10-13,2025-10-13,6.5,1.9,13,OP159,False,,False,10,5,False,False,0,0.22619047619047616,0.8125,13,9,0.31069641014724503,0.7319444444444445,0.3012048192771084,19.22222222222222,0.2591,False
EQX1005,Bulldozer,CUST08,S006,2025-10-18,2025-11-05,2025-11-06,2025-11-05,7.3,1.5,19,OP131,False,,False,11,25,False,False,1,0.17045454545454544,0.9125,18,10,0.30224581675156814,0.74,0.22619047619047616,18.6,0.4144,False
EQX1005,Bulldozer,CUST02,S006,2025-11-30,2025-12-28,2025-12-28,2025-12-28,3.7,4.8,28,OP152,False,,False,12,8,False,True,,0.5647058823529412,0.4625,28,11,0.29026479208820244,0.7556818181818182,0.17045454545454544,18.545454545454547,0.3779,False
EQX1006,Bulldozer,CUST04,S006,2025-01-01,2025-01-25,2025-01-26,2025-01-25,4.9,3.7,25,OP165,False,,False,1,32,False,False,1,0.4302325581395348,0.6125,24,0,,,,,0.4896,False
EQX1006,Bulldozer,CUST15,S005,2025-02-26,2025-03-10,2025-03-10,2025-03-10,5.5,3.3,12,OP235,False,,False,2,4,False,False,0,0.37499999999999994,0.6875,12,1,0.4302325581395348,0.6125,0.4302325581395348,24.0,0.2947,False
EQX1006,Bulldozer,CUST05,S004,2025-03-14,2025-04-11,2025-04-12,2025-04-11,5.1,3.0,29,OP110,False,,False,3,16,False,False,1,0.3703703703703704,0.6375,28,2,0.4026162790697674,0.65,0.37499999999999994,18.0,0.5025,True
EQX1006,Bulldozer,CUST13,S006,2025-04-27,,2025-05-19,,3.4,3.5,22,OP309,True,True,True,4,26,True,False,1,0.5072463768115941,0.425,22,3,0.39186764283663506,0.6458333333333334,0.3703703703703704,21.333333333333332,0.4724,False
EQX1006,Bulldozer,CUST05,S002,2025-06-14,2025-06-30,2025-07-01,2025-06-30,3.7,11.5,17,,False,,False,5,72,True,False,1,0.7565789473684211,0.4625,16,4,0.4207123263303748,0.590625,0.5072463768115941,21.5,0.4525,False
EQX1006,Bulldozer,CUST14,S004,2025-09-10,2025-10-06,2025-10-06,2025-10-06,3.1,5.4,26,OP281,False,,False,6,3,False,False,0,0.6352941176470589,0.3875,26,5,0.4878856505379841,0.5650000000000001,0.7565789473684211,20.4,0.4114,False
EQX1006,Bulldozer,CUST09,S003,2025-10-09,2025-10-26,2025-10-27,2025-10-26,3.8,5.1,18,OP162,False,,False,7,43,False,True,,0.5730337078651686,0.475,17,6,0.5124537283894965,0.5354166666666667,0.6352941176470589,21.333333333333332,0.4104,False
EQX1007,Crane,CUST17,S005,2025-01-01,2025-01-16,2025-01-16,2025-01-16,4.4,1.5,15,OP162,False,,False,1,19,False,False,1,0.2542372881355932,0.8800000000000001,15,0,,,,,0.4046,False
EQX1007,Crane,CUST08,,2025-02-04,2025-02-25,2025-02-25,2025-02-25,2.1,10.6,21,,False,,False,2,4,True,False,0,0.8346456692913387,0.42000000000000004,21,1,0.2542372881355932,0.8800000000000001,0.2542372881355932,15.0,0.3994,False
EQX1007,Crane,CUST16,S003,2025-03-01,2025-03-15,2025-03-16,2025-03-15,2.8,2.8,15,OP117,False,,False,3,6,False,False,0,0.5,0.5599999999999999,14,2,0.5444414787134659,0.6500000000000001,0.8346456692913387,18.0,0.3314,False
EQX1007,Crane,CUST04,S001,2025-03-21,2025-04-16,2025-04-17,2025-04-16,3.0,2.6,27,OP107,False,,False,4,1,False,False,0,0.46428571428571436,0.6,26,3,0.5296276524756439,0.62,0.5,16.666666666666668,0.4085,False
EQX1007,Crane,CUST18,S005,2025-04-17,2025-04-26,2025-04-27,2025-04-26,3.0,2.4,10,OP107,False,,False,5,1,False,False,0,0.4444444444444444,0.6,9,4,0.5132921679281616,0.615,0.46428571428571436,19.0,0.4055,False
EQX1007,Crane,CUST15,S005,2025-04-27,2025-05-24,2025-05-24,2025-05-24,5.0,1.1,27,OP166,False,,False,6,31,False,False,1,0.18032786885245905,1.0,27,5,0.4995226232314181,0.612,0.4444444444444444,17.0,0.4129,False
EQX1007,Crane,CUST05,S006,2025-06-24,2025-07-12,2025-07-12,2025-07-12,3.9,1.3,18,OP312,False,,False,7,18,False,False,1,0.25,0.78,18,6,0.44632349750159167,0.6766666666666667,0.18032786885245905,18.666666666666668,0.4658,False
EQX1007,Crane,CUST16,S005,2025-07-30,2025-08-19,2025-08-20,2025-08-19,2.8,2.6,21,OP246,False,,False,8,9,False,False,0,0.48148148148148145,0.5599999999999999,20,7,0.41827728357279287,0.6914285714285714,0.25,18.571428571428573,0.4139,False
EQX1007,Crane,CUST06,S006,2025-08-28,2025-09-14,2025-09-15,2025-09-14,3.7,2.5,18,OP236,False,,False,9,19,False,False,1,0.4032258064516129,0.74,17,8,0.4261778083113789,0.675,0.48148148148148145,18.75,0.4502,False
EQX1007,Crane,CUST14,S001,2025-10-03,2025-10-13,2025-10-13,2025-10-13,4.8,0.1,10,OP213,False,,False,10,40,False,False,1,0.020408163265306124,0.96,10,9,0.423627585882516,0.6822222222222222,0.4032258064516129,18.555555555555557,0.4202,False
EQX1007,Crane,CUST13,S002,2025-11-22,2025-12-14,2025-12-15,2025-12-14,4.4,1.4,23,OP314,False,,False,11,0,False,True,,0.24137931034482754,0.8800000000000001,22,10,0.383305643620795,0.71,0.020408163265306124,17.7,0.2942,False
EQX1008,Bulldozer,CUST13,S001,2025-01-01,2025-01-13,2025-01-14,2025-01-13,1.8,6.2,13,OP152,False,,False,1,24,False,False,1,0.775,0.225,12,0,,,,,0.5345,True
EQX1008,Bulldozer,CUST04,S003,2025-02-06,2025-02-17,2025-02-17,2025-02-17,2.4,6.4,11,OP125,False,,False,2,16,False,False,1,0.7272727272727273,0.3,11,1,0.775,0.225,0.775,12.0,0.7789,True
EQX1008,Bulldozer,CUST02,S006,2025-03-05,2025-03-28,2025-03-29,2025-03-28,3.3,5.3,24,OP249,False,,False,3,26,False,False,1,0.6162790697674418,0.4125,23,2,0.7511363636363637,0.2625,0.7272727272727273,11.5,0.7461,True
EQX1008,Bulldozer,CUST09,S001,2025-04-23,2025-05-16,2025-05-17,2025-05-16,4.4,4.3,24,OP139,False,,False,4,30,False,False,1,0.4942528735632184,0.55,23,3,0.706183932346723,0.3125,0.6162790697674418,15.333333333333334,0.7531,True
EQX1008,Bulldozer,CUST05,S004,2025-06-15,,2025-07-14,,2.4,3.5,29,OP271,True,True,True,5,2,True,False,0,0.5932203389830508,0.3,29,4,0.6532011676508469,0.371875,0.4942528735632184,17.25,0.4876,False
EQX1008,Bulldozer,CUST10,S001,2025-07-16,,2025-08-05,,4.5,6.7,20,OP154,True,True,True,6,19,True,False,1,0.5982142857142858,0.5625,20,5,0.6412050019172877,0.35750000000000004,0.5932203389830508,19.6,0.6289,True
EQX1008,Bulldozer,CUST16,S006,2025-08-24,2025-09-07,2025-09-07,2025-09-07,4.2,4.0,14,OP299,False,,False,7,0,False,False,0,0.48780487804878053,0.525,14,6,0.6340398825501207,0.39166666666666666,0.5982142857142858,19.666666666666668,0.4289,False
EQX1008,Bulldozer,CUST07,S001,2025-09-07,2025-10-05,2025-10-05,2025-10-05,4.7,4.2,28,OP214,False,,False,8,33,False,False,1,0.47191011235955055,0.5875,28,7,0.6131491676213578,0.4107142857142857,0.48780487804878053,18.857142857142858,0.5504,True
EQX1008,Bulldozer,CUST18,S003,2025-11-07,2025-11-16,2025-11-17,2025-11-16,3.1,5.2,10,OP202,False,,False,9,23,False,True,,0.6265060240963856,0.3875,9,8,0.5954942857136319,0.43281250000000004,0.47191011235955055,20.0,0.5058,True
EQX1009,Excavator,CUST03,S002,2025-01-01,2025-01-10,2025-01-11,2025-01-10,3.7,5.6,10,OP133,False,,False,1,34,False,False,1,0.6021505376344085,0.4625,9,0,,,,,0.5103,True
EQX1009,Excavator,CUST12,S001,2025-02-13,2025-03-11,2025-03-12,2025-03-11,2.9,5.8,27,OP115,False,,False,2,31,False,False,1,0.6666666666666667,0.3625,26,1,0.6021505376344085,0.4625,0.6021505376344085,9.0,0.608,True
EQX1009,Excavator,CUST17,S003,2025-04-11,2025-04-28,2025-04-28,2025-04-28,0.9,6.7,17,OP272,False,,False,3,13,False,False,0,0.881578947368421,0.1125,17,2,0.6344086021505376,0.4125,0.6666666666666667,17.5,0.5328,True
EQX1009,Excavator,CUST17,S001,2025-05-11,2025-05-23,2025-05-23,2025-05-23,1.9,6.6,12,OP187,False,,False,4,94,False,False,1,0.776470588235294,0.2375,12,3,0.7167987172231655,0.3125,0.881578947368421,17.333333333333332,0.7805,True
EQX1009,Excavator,CUST14,S003,2025-08-25,2025-09-15,2025-09-16,2025-09-15,2.8,5.8,22,OP161,False,,False,5,4,False,False,0,0.6744186046511628,0.35,21,4,0.7317166849761976,0.29375,0.776470588235294,16.0,0.7041,True
EQX1009,Excavator,CUST09,S001,2025-09-19,2025-10-15,2025-10-15,2025-10-15,3.3,5.1,26,OP102,False,,False,6,21,False,False,1,0.6071428571428572,0.4125,26,5,0.7202570689111906,0.305,0.6744186046511628,17.0,0.7403,True
EQX1009,Excavator,CUST17,S005,2025-11-05,2025-11-21,2025-11-22,2025-11-21,1.9,6.7,17,OP222,False,,False,7,18,False,True,,0.7790697674418605,0.2375,16,6,0.7014047002831351,0.3229166666666667,0.6071428571428572,18.5,0.6413,True
EQX1010,Bulldozer,CUST02,S004,2025-01-01,2025-01-26,2025-01-27,2025-01-26,5.2,2.9,26,OP269,False,,False,1,5,False,False,0,0.35802469135802467,0.65,25,0,,,,,0.4141,False
EQX1010,Bulldozer,CUST08,S003,2025-01-31,2025-02-10,2025-02-10,2025-02-10,6.8,1.9,10,OP232,False,,False,2,23,False,False,1,0.21839080459770116,0.85,10,1,0.35802469135802467,0.65,0.35802469135802467,25.0,0.3241,False
EQX1010,Bulldozer,CUST01,S006,2025-03-05,2025-03-30,2025-03-30,2025-03-30,6.0,3.2,25,OP315,False,,False,3,21,False,False,1,0.3478260869565218,0.75,25,2,0.2882077479778629,0.75,0.21839080459770116,17.5,0.4771,False
EQX1010,Bulldozer,CUST10,S004,2025-04-20,2025-05-12,2025-05-13,2025-05-12,6.4,1.9,23,OP290,False,,False,4,28,False,False,1,0.22891566265060237,0.8,22,3,0.3080805276374159,0.75,0.3478260869565218,20.0,0.4068,False
EQX1010,Bulldozer,CUST18,S004,2025-06-09,2025-07-05,2025-07-05,2025-07-05,5.0,2.8,26,OP101,False,,False,5,47,False,False,1,0.358974358974359,0.625,26,4,0.2882893113907125,0.7625,0.22891566265060237,20.5,0.5287,True
EQX1010,Bulldozer,CUST17,S002,2025-08-21,2025-08-31,2025-08-31,2025-08-31,4.7,3.3,10,OP287,False,,False,6,5,False,False,0,0.4125,0.5875,10,5,0.30242632090744176,0.735,0.358974358974359,21.6,0.3456,False
EQX1010,Bulldozer,CUST15,S006,2025-09-05,2025-09-16,2025-09-17,2025-09-16,5.0,3.2,12,OP136,False,,False,7,14,False,False,1,0.39024390243902446,0.625,11,6,0.3207719340895348,0.7104166666666667,0.4125,19.666666666666668,0.3961,False
EQX1010,Bulldozer,CUST17,S002,2025-09-30,2025-10-15,2025-10-16,2025-10-15,5.2,3.1,16,OP217,False,,False,8,4,False,False,0,0.37349397590361444,0.65,15,7,0.33069650099660475,0.6982142857142858,0.39024390243902446,18.428571428571427,0.2666,False
EQX1010,Bulldozer,CUST15,S003,2025-10-19,2025-11-10,2025-11-11,2025-11-10,5.8,2.9,23,OP302,False,,False,9,7,False,False,0,0.33333333333333337,0.725,22,8,0.336046185359981,0.6921875,0.37349397590361444,18.0,0.361,False
EQX1010,Bulldozer,CUST07,S005,2025-11-17,2025-12-02,2025-12-02,2025-12-02,4.4,4.1,15,OP256,False,,False,10,0,False,False,0,0.48235294117647054,0.55,15,9,0.33574475735702014,0.6958333333333333,0.33333333333333337,18.444444444444443,0.3289,False
EQX1010,Bulldozer,CUST15,S005,2025-12-02,2025-12-30,2025-12-31,2025-12-30,6.4,1.8,29,OP286,False,,False,11,15,False,True,,0.2195121951219512,0.8,28,10,0.35040557573896514,0.68125,0.48235294117647054,18.1,0.391,False
EQX1011,Crane,CUST08,S004,2025-01-01,,2025-01-15,,4.1,7.2,14,OP273,True,True,True,1,29,True,False,1,0.6371681415929203,0.82,14,0,,,,,0.459,False
EQX1011,Crane,CUST12,S005,2025-02-13,2025-03-13,2025-03-13,2025-03-13,0.1,4.7,28,OP123,False,,False,2,16,False,False,1,0.9791666666666667,0.02,28,1,0.6371681415929203,0.82,0.6371681415929203,14.0,0.7204,True
EQX1011,Crane,CUST06,S001,2025-03-29,2025-04-08,2025-04-09,2025-04-08,1.4,4.2,11,OP287,False,,False,3,18,False,False,1,0.7500000000000001,0.27999999999999997,10,2,0.8081674041297935,0.42,0.9791666666666667,21.0,0.6206,True
EQX1011,Crane,CUST08,S005,2025-04-26,2025-05-19,2025-05-19,2025-05-19,1.9,4.5,23,OP117,False,,False,4,41,False,False,1,0.703125,0.38,23,3,0.7887782694198625,0.3733333333333333,0.7500000000000001,17.333333333333332,0.6534,True
EQX1011,Crane,CUST09,S001,2025-06-29,,2025-07-28,,2.9,4.1,29,OP175,True,False,True,5,44,True,False,1,0.5857142857142856,0.58,29,4,0.7673649520648969,0.375,0.703125,18.75,0.6532,True
EQX1011,Crane,CUST18,S004,2025-09-10,2025-09-30,2025-09-30,2025-09-30,0.6,11.3,20,OP196,False,,False,6,11,True,False,0,0.9495798319327732,0.12,20,5,0.7310348187947746,0.41600000000000004,0.5857142857142856,20.8,0.5173,True
EQX1011,Crane,CUST06,S002,2025-10-11,2025-11-03,2025-11-03,2025-11-03,0.6,4.6,23,OP273,False,,False,7,3,False,False,0,0.8846153846153847,0.12,23,6,0.7674589876511076,0.36666666666666664,0.9495798319327732,20.666666666666668,0.4971,False
EQX1011,Crane,CUST06,S001,2025-11-06,2025-11-28,2025-11-28,2025-11-28,1.3,4.8,22,OP105,False,,False,8,28,False,True,,0.7868852459016393,0.26,22,7,0.7841956157888615,0.3314285714285714,0.8846153846153847,21.0,0.6121,True
EQX1012,Crane,CUST10,S006,2025-01-01,2025-01-25,2025-01-25,2025-01-25,0.6,5.0,24,OP302,False,,False,1,10,False,False,0,0.8928571428571429,0.12,24,0,,,,,0.5916,True
EQX1012,Crane,CUST14,S004,2025-02-04,2025-02-16,2025-02-17,2025-02-16,1.0,4.8,13,OP272,False,,False,2,152,False,False,1,0.8275862068965517,0.2,12,1,0.8928571428571429,0.12,0.8928571428571429,24.0,0.6399,True
EQX1012,Crane,CUST09,S003,2025-07-18,2025-07-28,2025-07-29,2025-07-28,2.3,2.8,11,OP230,False,,False,3,49,False,False,1,0.5490196078431373,0.45999999999999996,10,2,0.8602216748768473,0.16,0.8275862068965517,18.0,0.7239,True
EQX1012,Crane,CUST17,S006,2025-09-15,2025-10-08,2025-10-09,2025-10-08,0.0,6.0,24,OP312,False,,False,4,54,False,False,1,1.0,0.0,23,3,0.7564876525322773,0.26,0.5490196078431373,15.333333333333334,0.7279,True
EQX1012,Crane,CUST09,S004,2025-12-01,2025-12-18,2025-12-18,2025-12-18,0.4,5.5,17,OP216,False,,False,5,131,False,True,,0.9322033898305084,0.08,17,4,0.817365739399208,0.195,1.0,17.25,0.7269,True
EQX1013,Crane,CUST08,S004,2025-01-01,2025-01-13,2025-01-14,2025-01-13,2.3,3.3,13,OP321,False,,False,1,12,False,False,0,0.5892857142857143,0.45999999999999996,12,0,,,,,0.4449,False
EQX1013,Crane,CUST02,S006,2025-01-25,2025-02-10,2025-02-11,2025-02-10,3.2,2.2,17,OP244,False,,False,2,26,False,False,1,0.40740740740740744,0.64,16,1,0.5892857142857143,0.45999999999999996,0.5892857142857143,12.0,0.5214,True
EQX1013,Crane,CUST04,S005,2025-03-08,2025-03-26,2025-03-27,2025-03-26,1.3,4.4,19,OP250,False,,False,3,16,False,False,1,0.7719298245614036,0.26,18,2,0.49834656084656087,0.55,0.40740740740740744,14.0,0.4669,False
EQX1013,Crane,CUST01,S001,2025-04-11,2025-04-28,2025-04-28,2025-04-28,2.9,2.6,17,OP163,False,,False,4,26,False,False,1,0.4727272727272727,0.58,17,3,0.5895409820848417,0.4533333333333333,0.7719298245614036,15.333333333333334,0.5236,True
EQX1013,Crane,CUST12,S004,2025-05-24,2025-06-20,2025-06-20,2025-06-20,1.9,3.2,27,OP210,False,,False,5,0,False,False,0,0.627450980392157,0.38,27,4,0.5603375547454496,0.485,0.4727272727272727,15.75,0.474,False
EQX1013,Crane,CUST03,S006,2025-06-20,2025-07-17,2025-07-18,2025-07-17,2.2,2.9,28,OP328,False,,False,6,75,False,False,1,0.5686274509803921,0.44000000000000006,27,5,0.573760239874791,0.46399999999999997,0.627450980392157,18.0,0.5331,True
EQX1013,Crane,CUST11,S006,2025-09-30,2025-10-16,2025-10-16,2025-10-16,1.4,3.9,16,OP325,False,,False,7,2,False,False,0,0.7358490566037736,0.27999999999999997,16,6,0.5729047750590578,0.45999999999999996,0.5686274509803921,19.5,0.4535,False
EQX1013,Crane,CUST13,S004,2025-10-18,2025-11-15,2025-11-15,2025-11-15,2.6,2.2,28,OP179,False,,False,8,2,False,False,0,0.4583333333333333,0.52,28,7,0.5961825295654458,0.4342857142857143,0.7358490566037736,19.0,0.4214,False
EQX1013,Crane,CUST06,S005,2025-11-17,2025-12-02,2025-12-02,2025-12-02,2.0,2.7,15,OP185,False,,False,9,35,False,True,,0.574468085106383,0.4,15,8,0.5789513800364318,0.445,0.4583333333333333,20.125,0.3733,False
EQX1014,Excavator,CUST16,S006,2025-01-01,2025-01-24,2025-01-24,2025-01-24,4.4,3.6,23,OP152,False,,False,1,6,False,False,0,0.45,0.55,23,0,,,,,0.495,False
EQX1014,Excavator,CUST01,S001,2025-01-30,2025-02-25,2025-02-26,2025-02-25,6.3,2.5,27,OP188,False,,False,2,19,False,False,1,0.28409090909090906,0.7875,26,1,0.45,0.55,0.45,23.0,0.4245,False
EQX1014,Excavator,CUST06,S002,2025-03-16,2025-04-11,2025-04-12,2025-04-11,4.9,3.8,27,OP181,False,,False,3,18,False,False,1,0.4367816091954023,0.6125,26,2,0.36704545454545456,0.66875,0.28409090909090906,24.5,0.4691,False
EQX1014,Excavator,CUST15,S001,2025-04-29,2025-05-20,2025-05-21,2025-05-20,5.1,3.5,22,OP175,False,,False,4,0,False,False,0,0.4069767441860465,0.6375,21,3,0.39029083942877046,0.65,0.4367816091954023,25.0,0.3308,False
EQX1014,Excavator,CUST11,S003,2025-05-20,2025-06-12,2025-06-12,2025-06-12,1.4,7.0,23,OP299,False,,False,5,13,False,False,0,0.8333333333333333,0.175,23,4,0.3944623156180895,0.646875,0.4069767441860465,24.0,0.3779,False
EQX1014,Excavator,CUST06,S004,2025-06-25,2025-07-21,2025-07-21,2025-07-21,1.1,10.3,26,OP216,False,,False,6,16,True,False,1,0.9035087719298246,0.1375,26,5,0.48223651916113824,0.5525,0.8333333333333333,23.8,0.5413,True
EQX1014,Excavator,CUST16,S006,2025-08-06,2025-08-30,2025-08-30,2025-08-30,4.1,4.4,24,OP145,False,,False,7,7,False,False,0,0.5176470588235295,0.5125,24,6,0.5524485612892526,0.48333333333333334,0.9035087719298246,24.166666666666668,0.3743,False
EQX1014,Excavator,CUST02,S006,2025-09-06,2025-09-28,2025-09-28,2025-09-28,4.6,4.5,22,OP224,False,,False,8,15,False,False,1,0.4945054945054945,0.575,22,7,0.5474769180798635,0.4875,0.5176470588235295,24.142857142857142,0.5209,True
EQX1014,Excavator,CUST10,S004,2025-10-13,2025-11-05,2025-11-06,2025-11-05,2.5,5.9,24,OP257,False,,False,9,13,False,False,0,0.7023809523809524,0.3125,23,8,0.5408554901330674,0.4984375,0.4945054945054945,23.875,0.3418,False
EQX1014,Excavator,CUST07,S001,2025-11-18,2025-12-01,2025-12-01,2025-12-01,3.7,4.4,13,OP269,False,,False,10,8,False,True,,0.5432098765432098,0.4625,13,9,0.5588027637161658,0.47777777777777775,0.7023809523809524,23.77777777777778,0.384,False
EQX1015,Bulldozer,CUST15,S002,2025-01-01,2025-01-18,2025-01-19,2025-01-18,1.3,7.2,18,OP315,False,,False,1,44,False,False,1,0.8470588235294118,0.1625,17,0,,,,,0.5994,True
EQX1015,Bulldozer,CUST07,S002,2025-03-03,2025-03-13,2025-03-14,2025-03-13,2.7,5.8,11,OP188,False,,False,2,34,False,False,1,0.6823529411764706,0.3375,10,1,0.8470588235294118,0.1625,0.8470588235294118,17.0,0.7574,True
EQX1015,Bulldozer,CUST02,S001,2025-04-16,2025-05-05,2025-05-06,2025-05-05,0.3,8.0,20,OP218,False,,False,3,25,False,False,1,0.9638554216867469,0.0375,19,2,0.7647058823529411,0.25,0.6823529411764706,13.5,0.7409,True
EQX1015,Bulldozer,CUST02,S003,2025-05-30,2025-06-22,2025-06-22,2025-06-22,0.9,7.7,23,OP106,False,,False,4,123,False,False,1,0.8953488372093024,0.1125,23,3,0.8310890621308764,0.17916666666666667,0.9638554216867469,15.333333333333334,0.6527,True
EQX1015,Bulldozer,CUST14,S003,2025-10-23,2025-11-15,2025-11-16,2025-11-15,1.0,7.5,24,OP167,False,,False,5,10,False,False,0,0.8823529411764706,0.125,23,4,0.847154005900483,0.1625,0.8953488372093024,17.25,0.579,True
EQX1015,Bulldozer,CUST06,S001,2025-11-25,2025-12-13,2025-12-13,2025-12-13,1.8,6.4,18,OP295,False,,False,6,8,False,True,,0.7804878048780487,0.225,18,5,0.8541937929556804,0.155,0.8823529411764706,18.4,0.6988,True
EQX1016,Excavator,CUST06,S001,2025-01-01,2025-01-25,2025-01-25,2025-01-25,2.5,6.1,24,OP134,False,,False,1,5,False,False,0,0.7093023255813954,0.3125,24,0,,,,,0.518,True
EQX1016,Excavator,CUST16,S002,2025-01-30,2025-02-17,2025-02-17,2025-02-17,0.6,7.2,18,OP289,False,,False,2,16,False,False,1,0.9230769230769231,0.075,18,1,0.7093023255813954,0.3125,0.7093023255813954,24.0,0.676,True
EQX1016,Excavator,CUST13,S004,2025-03-05,2025-03-18,2025-03-18,2025-03-18,2.4,6.5,13,OP214,False,,False,3,2,False,False,0,0.7303370786516854,0.3,13,2,0.8161896243291593,0.19375,0.9230769230769231,21.0,0.6337,True
EQX1016,Excavator,CUST07,S001,2025-03-20,2025-04-08,2025-04-09,2025-04-08,2.4,5.2,20,OP115,False,,False,4,10,False,False,0,0.6842105263157895,0.3,19,3,0.7875721091033346,0.22916666666666666,0.7303370786516854,18.333333333333332,0.6994,True
EQX1016,Excavator,CUST09,S005,2025-04-18,2025-05-16,2025-05-16,2025-05-16,0.9,7.7,28,OP101,False,,False,5,64,False,False,1,0.8953488372093024,0.1125,28,4,0.7617317134064483,0.246875,0.6842105263157895,18.5,0.6985,True
EQX1016,Excavator,CUST11,S006,2025-07-19,2025-08-15,2025-08-15,2025-08-15,0.4,8.1,27,OP159,False,,False,6,12,False,False,0,0.9529411764705882,0.05,27,5,0.7884551381670192,0.22000000000000003,0.8953488372093024,20.4,0.5337,True
EQX1016,Excavator,CUST10,S006,2025-08-27,2025-09-22,2025-09-22,2025-09-22,1.2,6.8,26,OP305,False,,False,7,10,False,False,0,0.85,0.15,26,6,0.8158694778842807,0.19166666666666665,0.9529411764705882,21.5,0.4384,False
EQX1016,Excavator,CUST18,S002,2025-10-02,2025-10-22,2025-10-23,2025-10-22,1.5,7.0,21,OP124,False,,False,8,58,False,True,,0.8235294117647058,0.1875,20,7,0.8207452667579549,0.18571428571428572,0.85,22.142857142857142,0.6114,True
EQX1017,Excavator,CUST04,S001,2025-01-01,2025-01-29,2025-01-30,2025-01-29,3.1,5.2,29,OP178,False,,False,1,2,False,False,0,0.6265060240963856,0.3875,28,0,,,,,0.4953,False
EQX1017,Excavator,CUST06,S005,2025-01-31,2025-02-22,2025-02-22,2025-02-22,3.6,4.1,22,OP142,False,,False,2,12,False,False,0,0.5324675324675324,0.45,22,1,0.6265060240963856,0.3875,0.6265060240963856,28.0,0.4257,False
EQX1017,Excavator,CUST02,S006,2025-03-06,2025-03-31,2025-03-31,2025-03-31,2.3,5.4,25,OP110,False,,False,3,6,False,False,0,0.7012987012987013,0.2875,25,2,0.579486778281959,0.41875,0.5324675324675324,25.0,0.3675,False
EQX1017,Excavator,CUST07,S004,2025-04-06,2025-04-25,2025-04-26,2025-04-25,1.6,7.3,20,OP196,False,,False,4,19,False,False,1,0.8202247191011235,0.2,19,3,0.6200907526208731,0.375,0.7012987012987013,25.0,0.5426,True
EQX1017,Excavator,CUST06,S002,2025-05-14,2025-06-07,2025-06-08,2025-06-07,1.9,6.6,25,OP162,False,,False,5,9,False,False,0,0.776470588235294,0.2375,24,4,0.6701242442409356,0.33125,0.8202247191011235,23.5,0.5211,True
EQX1017,Excavator,CUST05,S006,2025-06-16,2025-07-04,2025-07-04,2025-07-04,4.5,3.3,18,OP282,False,,False,6,3,False,False,0,0.4230769230769231,0.5625,18,5,0.6913935130398073,0.3125,0.776470588235294,23.6,0.5245,True
EQX1017,Excavator,CUST07,S005,2025-07-07,2025-07-22,2025-07-23,2025-07-22,1.5,6.1,16,OP164,False,,False,7,6,False,False,0,0.8026315789473684,0.1875,15,6,0.6466740813793267,0.3541666666666667,0.4230769230769231,22.666666666666668,0.4079,False
EQX1017,Excavator,CUST11,S005,2025-07-28,2025-08-11,2025-08-12,2025-08-11,0.0,9.6,15,OP151,False,,False,8,27,True,False,1,1.0,0.0,14,7,0.6689537238890468,0.33035714285714285,0.8026315789473684,21.571428571428573,0.7405,True
EQX1017,Excavator,CUST08,S003,2025-09-07,2025-09-24,2025-09-24,2025-09-24,4.3,4.9,17,OP320,False,,False,9,31,False,False,1,0.532608695652174,0.5375,17,8,0.710334508402916,0.2890625,1.0,20.625,0.7109,True
EQX1017,Excavator,CUST09,S001,2025-10-25,2025-11-20,2025-11-20,2025-11-20,1.8,8.2,26,OP228,False,,False,10,12,True,False,0,0.82,0.225,26,9,0.6905871958750558,0.31666666666666665,0.532608695652174,20.22222222222222,0.4528,False
EQX1017,Excavator,CUST11,S002,2025-12-02,2025-12-29,2025-12-29,2025-12-29,2.6,5.5,27,OP107,False,,False,11,14,False,True,,0.6790123456790124,0.325,27,10,0.7035284762875502,0.3075,0.82,20.8,0.5572,True
EQX1018,Excavator,CUST17,S005,2025-01-01,2025-01-25,2025-01-25,2025-01-25,3.3,4.9,24,OP247,False,,False,1,24,False,False,1,0.5975609756097562,0.4125,24,0,,,,,0.5185,True
EQX1018,Excavator,CUST11,S002,2025-02-18,2025-03-10,2025-03-10,2025-03-10,2.2,5.9,20,OP104,False,,False,2,34,False,False,1,0.728395061728395,0.275,20,1,0.5975609756097562,0.4125,0.5975609756097562,24.0,0.5355,True
EQX1018,Excavator,CUST08,S001,2025-04-13,2025-04-30,2025-04-30,2025-04-30,1.6,6.7,17,OP172,False,,False,3,23,False,False,1,0.8072289156626505,0.2,17,2,0.6629780186690756,0.34375,0.728395061728395,22.0,0.6235,True
EQX1018,Excavator,CUST18,S002,2025-05-23,2025-06-04,2025-06-04,2025-06-04,3.2,5.8,12,OP248,False,,False,4,3,False,False,0,0.6444444444444444,0.4,12,3,0.7110616510002673,0.29583333333333334,0.8072289156626505,20.333333333333332,0.6812,True
EQX1018,Excavator,CUST10,S001,2025-06-07,,2025-06-28,,2.7,5.2,21,OP267,True,True,True,5,64,True,False,1,0.6582278481012658,0.3375,21,4,0.6944073493613115,0.321875,0.6444444444444444,18.25,0.6867,True
EQX1018,Excavator,CUST12,S003,2025-08-31,2025-09-10,2025-09-10,2025-09-10,1.8,6.7,10,OP273,False,,False,6,6,False,False,0,0.788235294117647,0.225,10,5,0.6871714491093024,0.325,0.6582278481012658,18.8,0.5978,True
EQX1018,Excavator,CUST15,S002,2025-09-16,2025-10-10,2025-10-11,2025-10-10,3.7,5.3,25,OP248,False,,False,7,17,False,False,1,0.5888888888888889,0.4625,24,6,0.7040154232773599,0.30833333333333335,0.788235294117647,17.333333333333332,0.7423,True
EQX1018,Excavator,CUST11,S001,2025-10-27,2025-11-15,2025-11-16,2025-11-15,3.3,5.0,20,OP121,False,,False,8,75,False,True,,0.6024096385542168,0.4125,19,7,0.6875687755075782,0.33035714285714285,0.5888888888888889,18.285714285714285,0.6757,True
EQX1019,Bulldozer,CUST01,S003,2025-01-01,2025-01-12,2025-01-13,2025-01-12,6.1,2.7,12,OP290,False,,False,1,9,False,False,0,0.3068181818181818,0.7625,11,0,,,,,0.386,False
EQX1019,Bulldozer,CUST08,S001,2025-01-21,2025-02-14,2025-02-14,2025-02-14,4.1,3.9,24,OP207,False,,False,2,2,False,False,0,0.4875,0.5125,24,1,0.3068181818181818,0.7625,0.3068181818181818,11.0,0.3925,False
EQX1019,Bulldozer,CUST10,S005,2025-02-16,2025-03-14,2025-03-14,2025-03-14,4.4,4.2,26,OP227,False,,False,3,22,False,False,1,0.48837209302325574,0.55,26,2,0.3971590909090909,0.6375,0.4875,17.5,0.5036,True
EQX1019,Bulldozer,CUST12,S001,2025-04-05,2025-04-18,2025-04-19,2025-04-18,7.2,1.0,14,OP305,False,,False,4,4,False,False,0,0.12195121951219513,0.9,13,3,0.42756342494714583,0.6083333333333333,0.48837209302325574,20.333333333333332,0.2367,False
EQX1019,Bulldozer,CUST05,S002,2025-04-22,2025-05-08,2025-05-09,2025-05-08,4.4,3.9,17,OP231,False,,False,5,2,False,False,0,0.4698795180722891,0.55,16,4,0.3511603735884082,0.68125,0.12195121951219513,18.5,0.3186,False
EQX1019,Bulldozer,CUST10,S006,2025-05-10,2025-05-26,2025-05-27,2025-05-26,5.9,2.2,17,OP273,False,,False,6,12,False,False,0,0.2716049382716049,0.7375,16,5,0.37490420248518436,0.655,0.4698795180722891,18.0,0.261,False
EQX1019,Bulldozer,CUST05,S002,2025-06-07,,2025-07-01,,3.7,7.0,24,OP154,True,False,True,7,21,True,False,1,0.6542056074766356,0.4625,24,6,0.3576876584495878,0.6687500000000001,0.2716049382716049,17.666666666666668,0.4268,False
EQX1019,Bulldozer,CUST17,S006,2025-07-22,2025-08-01,2025-08-02,2025-08-01,6.7,2.1,11,OP310,False,,False,8,1,False,False,0,0.23863636363636362,0.8375,10,7,0.40004736545345176,0.6392857142857142,0.6542056074766356,18.571428571428573,0.2788,False
EQX1019,Bulldozer,CUST17,S001,2025-08-02,,2025-08-19,,3.9,8.0,17,OP245,True,True,True,9,12,True,False,0,0.6722689075630252,0.4875,17,8,0.37987099022631576,0.6640625,0.23863636363636362,17.5,0.3465,False
EQX1019,Bulldozer,CUST17,S006,2025-08-31,2025-09-19,2025-09-19,2025-09-19,6.9,2.3,19,OP103,False,,False,10,16,False,False,1,0.25,0.8625,19,9,0.41235964770817235,0.6444444444444444,0.6722689075630252,17.444444444444443,0.4202,False
EQX1019,Bulldozer,CUST16,S005,2025-10-05,2025-11-03,2025-11-03,2025-11-03,6.5,2.3,29,OP160,False,,False,11,18,False,False,1,0.2613636363636363,0.8125,29,10,0.3961236829373551,0.66625,0.25,17.6,0.4929,False
EQX1019,Bulldozer,CUST10,S003,2025-11-21,2025-12-04,2025-12-05,2025-12-04,7.5,0.9,14,OP145,False,,False,12,33,False,True,,0.10714285714285714,0.9375,13,11,0.3838727696124716,0.6795454545454546,0.2613636363636363,18.636363636363637,0.1964,False
EQX1020,Grader,CUST06,S001,2025-01-01,2025-01-15,2025-01-15,2025-01-15,1.6,10.6,14,OP281,False,,False,1,1,True,False,0,0.8688524590163935,0.26666666666666666,14,0,,,,,0.4896,False
EQX1020,Grader,CUST12,S002,2025-01-16,2025-01-25,2025-01-26,2025-01-25,2.7,4.1,10,OP257,False,,False,2,48,False,False,1,0.6029411764705882,0.45,9,1,0.8688524590163935,0.26666666666666666,0.8688524590163935,14.0,0.7602,True
EQX1020,Grader,CUST06,S004,2025-03-14,,2025-04-02,,3.5,5.8,19,OP172,True,False,True,3,9,True,False,0,0.6236559139784945,0.5833333333333334,19,2,0.7358968177434908,0.35833333333333334,0.6029411764705882,11.5,0.6205,True
EQX1020,Grader,CUST07,S006,2025-04-11,2025-04-25,2025-04-25,2025-04-25,0.9,5.3,14,OP226,False,,False,4,12,False,False,0,0.8548387096774193,0.15,14,3,0.6984831831551587,0.43333333333333335,0.6236559139784945,14.0,0.5465,True
EQX1020,Grader,CUST12,S006,2025-05-07,2025-05-25,2025-05-26,2025-05-25,1.5,4.5,19,OP156,False,,False,5,75,False,False,1,0.75,0.25,18,4,0.7375720647857239,0.3625,0.8548387096774193,14.0,0.7408,True
EQX1020,Grader,CUST12,S001,2025-08-08,2025-08-20,2025-08-20,2025-08-20,0.5,5.4,12,OP288,False,,False,6,21,False,False,1,0.9152542372881356,0.08333333333333333,12,5,0.7400576518285791,0.34,0.75,14.8,0.7937,True
EQX1020,Grader,CUST17,S005,2025-09-10,2025-10-06,2025-10-07,2025-10-06,1.6,4.5,27,OP160,False,,False,7,17,False,False,1,0.7377049180327869,0.26666666666666666,26,6,0.7692570827385051,0.2972222222222222,0.9152542372881356,14.333333333333334,0.6805,True
EQX1020,Grader,CUST05,S002,2025-10-23,2025-11-18,2025-11-18,2025-11-18,1.1,5.3,26,OP121,False,,False,8,20,False,False,1,0.8281249999999999,0.18333333333333335,26,7,0.7647496306376882,0.2928571428571428,0.7377049180327869,16.0,0.6762,True
EQX1020,Grader,CUST15,S006,2025-12-08,2025-12-25,2025-12-25,2025-12-25,1.3,5.4,17,OP287,False,,False,9,36,False,True,,0.8059701492537313,0.21666666666666667,17,8,0.7726715518079772,0.2791666666666667,0.8281249999999999,17.25,0.7357,True
EQX1021,Grader,CUST14,S003,2025-01-01,2025-01-19,2025-01-20,2025-01-19,4.1,2.2,19,OP224,False,,False,1,8,False,False,0,0.34920634920634924,0.6833333333333332,18,0,,,,,0.4367,False
EQX1021,Grader,CUST08,S004,2025-01-27,2025-02-12,2025-02-13,2025-02-12,3.2,2.8,17,OP196,False,,False,2,2,False,False,0,0.4666666666666666,0.5333333333333333,16,1,0.34920634920634924,0.6833333333333332,0.34920634920634924,18.0,0.3576,False
EQX1021,Grader,CUST12,S002,2025-02-14,2025-03-01,2025-03-01,2025-03-01,2.2,4.5,15,OP107,False,,False,3,6,False,False,0,0.6716417910447761,0.3666666666666667,15,2,0.40793650793650793,0.6083333333333333,0.4666666666666666,17.0,0.3565,False
EQX1021,Grader,CUST16,S006,2025-03-07,2025-03-27,2025-03-27,2025-03-27,3.0,3.4,20,OP203,False,,False,4,2,False,False,0,0.53125,0.5,20,3,0.4958382689725973,0.5277777777777778,0.6716417910447761,16.333333333333332,0.3555,False
EQX1021,Grader,CUST06,S001,2025-03-29,2025-04-11,2025-04-12,2025-04-11,4.6,2.4,14,OP319,False,,False,5,7,False,False,0,0.34285714285714286,0.7666666666666666,13,4,0.504691201729448,0.5208333333333333,0.53125,17.25,0.3128,False
EQX1021,Grader,CUST06,S006,2025-04-18,2025-05-15,2025-05-15,2025-05-15,4.4,2.5,27,OP118,False,,False,6,12,False,False,0,0.36231884057971014,0.7333333333333334,27,5,0.47232438995498693,0.57,0.34285714285714286,16.4,0.3395,False
EQX1021,Grader,CUST04,S004,2025-05-27,2025-06-24,2025-06-25,2025-06-24,3.7,2.6,29,OP201,False,,False,7,0,False,False,0,0.4126984126984127,0.6166666666666667,28,6,0.4539901317257742,0.5972222222222222,0.36231884057971014,18.166666666666668,0.3835,False
EQX1021,Grader,CUST02,S002,2025-06-24,2025-07-11,2025-07-11,2025-07-11,3.3,3.2,17,OP225,False,,False,8,56,False,False,1,0.49230769230769234,0.5499999999999999,17,7,0.44809131472186536,0.6,0.4126984126984127,19.571428571428573,0.4695,False
EQX1021,Grader,CUST02,S004,2025-09-05,2025-09-21,2025-09-21,2025-09-21,3.4,3.8,16,OP207,False,,False,9,3,False,False,0,0.5277777777777778,0.5666666666666667,16,8,0.45361836192009375,0.59375,0.49230769230769234,19.25,0.4066,False
EQX1021,Grader,CUST01,S005,2025-09-24,2025-10-05,2025-10-06,2025-10-05,5.6,1.1,12,OP262,False,,False,10,23,False,False,1,0.16417910447761197,0.9333333333333332,11,9,0.46185829701539194,0.5907407407407407,0.5277777777777778,18.88888888888889,0.3953,False
EQX1021,Grader,CUST11,S006,2025-10-28,2025-11-12,2025-11-12,2025-11-12,1.5,9.3,15,OP114,False,,False,11,0,True,False,0,0.8611111111111112,0.25,15,10,0.43209037776161396,0.625,0.16417910447761197,18.1,0.2309,False
EQX1021,Grader,CUST07,S006,2025-11-12,2025-12-04,2025-12-05,2025-12-04,3.3,2.3,23,OP300,False,,False,12,25,False,True,,0.4107142857142857,0.5499999999999999,22,11,0.4710922626115682,0.5909090909090909,0.8611111111111112,17.818181818181817,0.3389,False
EQX1022,Bulldozer,CUST17,S001,2025-01-01,2025-01-11,2025-01-12,2025-01-11,2.2,5.5,11,OP198,False,,False,1,12,False,False,0,0.7142857142857143,0.275,10,0,,,,,0.5022,True
EQX1022,Bulldozer,CUST14,S004,2025-01-23,2025-02-03,2025-02-04,2025-02-03,2.3,6.4,12,OP171,False,,False,2,14,False,False,1,0.7356321839080461,0.2875,11,1,0.7142857142857143,0.275,0.7142857142857143,10.0,0.7648,True
EQX1022,Bulldozer,CUST14,S002,2025-02-17,2025-03-03,2025-03-04,2025-03-03,2.5,6.6,15,OP201,False,,False,3,88,False,False,1,0.7252747252747253,0.3125,14,2,0.7249589490968802,0.28125,0.7356321839080461,10.5,0.7766,True
EQX1022,Bulldozer,CUST09,S003,2025-05-30,2025-06-25,2025-06-25,2025-06-25,1.7,6.8,26,OP223,False,,False,4,20,False,False,1,0.7999999999999999,0.2125,26,3,0.7250642078228285,0.2916666666666667,0.7252747252747253,11.666666666666666,0.7418,True
EQX1022,Bulldozer,CUST08,S001,2025-07-15,2025-07-25,2025-07-25,2025-07-25,2.2,5.6,10,OP129,False,,False,5,24,False,False,1,0.717948717948718,0.275,10,4,0.7437981558671214,0.271875,0.7999999999999999,15.25,0.817,True
EQX1022,Bulldozer,CUST04,S004,2025-08-18,2025-09-14,2025-09-14,2025-09-14,0.8,8.0,27,OP107,False,,False,6,20,False,False,1,0.9090909090909091,0.1,27,5,0.7386282682834407,0.2725,0.717948717948718,14.2,0.76,True
EQX1022,Bulldozer,CUST17,S006,2025-10-04,2025-10-25,2025-10-25,2025-10-25,1.3,7.1,21,OP111,False,,False,7,3,False,False,0,0.8452380952380951,0.1625,21,6,0.7670387084180188,0.24375000000000002,0.9090909090909091,16.333333333333332,0.5699,True
EQX1022,Bulldozer,CUST09,S005,2025-10-28,2025-11-20,2025-11-20,2025-11-20,3.4,5.6,23,OP236,False,,False,8,15,False,False,1,0.6222222222222222,0.425,23,7,0.7782100493923154,0.23214285714285715,0.8452380952380951,17.0,0.6935,True
EQX1022,Bulldozer,CUST12,S006,2025-12-05,2025-12-24,2025-12-24,2025-12-24,4.5,8.1,19,OP175,False,,False,9,32,True,True,,0.6428571428571428,0.5625,19,8,0.7587115709960537,0.25625,0.6222222222222222,17.75,0.6727,True
EQX1023,Grader,CUST03,S006,2025-01-01,2025-01-16,2025-01-16,2025-01-16,1.9,3.6,15,OP293,False,,False,1,59,False,False,1,0.6545454545454545,0.31666666666666665,15,0,,,,,0.4896,False
EQX1023,Grader,CUST10,S001,2025-03-16,2025-03-31,2025-04-01,2025-03-31,1.1,5.2,16,OP284,False,,False,2,5,False,False,0,0.8253968253968254,0.18333333333333335,15,1,0.6545454545454545,0.31666666666666665,0.6545454545454545,15.0,0.6006,True
EQX1023,Grader,CUST13,S005,2025-04-05,,2025-05-02,,1.1,3.5,27,OP329,True,False,True,3,40,True,False,1,0.7608695652173914,0.18333333333333335,27,2,0.73997113997114,0.25,0.8253968253968254,15.0,0.72,True
EQX1023,Grader,CUST17,S006,2025-06-11,2025-06-25,2025-06-26,2025-06-25,1.0,5.2,15,OP205,False,,False,4,17,False,False,1,0.8387096774193549,0.16666666666666666,14,3,0.7469372817198904,0.22777777777777777,0.7608695652173914,19.0,0.7201,True
EQX1023,Grader,CUST09,S005,2025-07-12,2025-08-04,2025-08-05,2025-08-04,1.1,4.8,24,OP291,False,,False,5,13,False,False,0,0.8135593220338982,0.18333333333333335,23,4,0.7698803806447565,0.2125,0.8387096774193549,17.75,0.5827,True
EQX1023,Grader,CUST12,S005,2025-08-17,2025-09-08,2025-09-08,2025-09-08,0.9,4.9,22,OP208,False,,False,6,28,False,False,1,0.8448275862068965,0.15,22,5,0.7786161689225849,0.2066666666666667,0.8135593220338982,18.8,0.6006,True
EQX1023,Grader,CUST02,S004,2025-10-06,2025-11-01,2025-11-01,2025-11-01,1.3,4.8,26,OP321,False,,False,7,57,False,True,,0.7868852459016393,0.21666666666666667,26,6,0.7896514051366368,0.19722222222222222,0.8448275862068965,19.333333333333332,0.4944,False
EQX1024,Crane,CUST10,,2025-01-01,2025-01-12,2025-01-13,2025-01-12,4.4,10.1,12,OP309,False,,False,1,13,True,False,0,0.696551724137931,0.8800000000000001,11,0,,,,,0.4008,False
EQX1024,Crane,CUST08,S002,2025-01-25,2025-02-17,2025-02-17,2025-02-17,1.8,4.0,23,OP180,False,,False,2,4,False,False,0,0.6896551724137931,0.36,23,1,0.696551724137931,0.8800000000000001,0.696551724137931,11.0,0.5146,True
EQX1024,Crane,CUST06,S004,2025-02-21,2025-03-15,2025-03-16,2025-03-15,2.6,2.8,23,OP120,False,,False,3,27,False,False,1,0.5185185185185185,0.52,22,2,0.693103448275862,0.6200000000000001,0.6896551724137931,17.0,0.5611,True
EQX1024,Crane,CUST12,S002,2025-04-11,2025-05-06,2025-05-07,2025-05-06,2.3,3.1,26,OP131,False,,False,4,16,False,False,1,0.5740740740740741,0.45999999999999996,25,3,0.6349084716900809,0.5866666666666668,0.5185185185185185,18.666666666666668,0.5507,True
EQX1024,Crane,CUST04,S004,2025-05-22,2025-06-10,2025-06-11,2025-06-10,2.8,2.5,20,OP260,False,,False,5,25,False,False,1,0.4716981132075472,0.5599999999999999,19,4,0.6196998722860791,0.555,0.5740740740740741,20.25,0.586,True
EQX1024,Crane,CUST15,S004,2025-07-05,2025-07-14,2025-07-15,2025-07-14,1.1,3.9,10,OP118,False,,False,6,20,False,False,1,0.78,0.22000000000000003,9,5,0.5900995204703727,0.556,0.4716981132075472,20.0,0.5521,True
EQX1024,Crane,CUST05,S002,2025-08-03,2025-08-16,2025-08-17,2025-08-16,3.4,2.2,14,OP275,False,,False,7,11,False,False,0,0.3928571428571429,0.6799999999999999,13,6,0.6217496003919774,0.5,0.78,18.166666666666668,0.3642,False
EQX1024,Crane,CUST03,S003,2025-08-27,2025-09-13,2025-09-13,2025-09-13,0.0,12.7,17,OP144,False,,False,8,8,True,False,0,1.0,0.0,17,7,0.5890506778870009,0.5257142857142857,0.3928571428571429,17.428571428571427,0.4215,False
EQX1024,Crane,CUST06,S003,2025-09-21,2025-10-10,2025-10-10,2025-10-10,2.9,3.1,19,OP224,False,,False,9,73,False,True,,0.5166666666666667,0.58,19,8,0.6404193431511258,0.45999999999999996,1.0,17.375,0.537,True
EQX1025,Excavator,CUST17,S005,2025-01-01,2025-01-14,2025-01-14,2025-01-14,1.5,7.2,13,OP261,False,,False,1,24,False,False,1,0.8275862068965518,0.1875,13,0,,,,,0.5482,True
EQX1025,Excavator,CUST17,S005,2025-02-07,2025-03-02,2025-03-02,2025-03-02,3.4,4.8,23,OP273,False,,False,2,3,False,False,0,0.5853658536585367,0.425,23,1,0.8275862068965518,0.1875,0.8275862068965518,13.0,0.6392,True
EQX1025,Excavator,CUST02,S003,2025-03-05,2025-03-23,2025-03-23,2025-03-23,5.5,3.5,18,OP327,False,,False,3,18,False,False,1,0.3888888888888889,0.6875,18,2,0.7064760302775442,0.30625,0.5853658536585367,18.0,0.6494,True
EQX1025,Excavator,CUST05,S005,2025-04-10,2025-04-20,2025-04-20,2025-04-20,2.2,7.2,10,OP107,False,,False,4,14,False,False,1,0.7659574468085106,0.275,10,3,0.6006136498146591,0.43333333333333335,0.3888888888888889,18.0,0.5111,True
EQX1025,Excavator,CUST12,S006,2025-05-04,2025-05-27,2025-05-28,2025-05-27,3.4,4.8,24,OP248,False,,False,5,0,False,False,0,0.5853658536585367,0.425,23,4,0.641949599063122,0.39375000000000004,0.7659574468085106,16.0,0.4805,False
EQX1025,Excavator,CUST06,S001,2025-05-27,2025-06-14,2025-06-15,2025-06-14,5.0,3.4,19,OP214,False,,False,6,4,False,False,0,0.4047619047619047,0.625,18,5,0.6306328499822049,0.4,0.5853658536585367,17.4,0.4677,False
EQX1025,Excavator,CUST15,S003,2025-06-18,2025-07-15,2025-07-16,2025-07-15,3.7,5.4,28,OP302,False,,False,7,11,False,False,0,0.5934065934065934,0.4625,27,6,0.5929876924454882,0.4375,0.4047619047619047,17.5,0.3948,False
EQX1025,Excavator,CUST15,S004,2025-07-26,2025-08-24,2025-08-24,2025-08-24,5.4,3.1,29,OP234,False,,False,8,11,False,False,0,0.3647058823529412,0.675,29,7,0.5930475354399318,0.44107142857142856,0.5934065934065934,18.857142857142858,0.4286,False
EQX1025,Excavator,CUST13,S006,2025-09-04,,2025-10-02,,4.7,3.2,28,OP288,True,True,True,9,14,True,False,1,0.4050632911392405,0.5875,28,8,0.564504828804058,0.4703125,0.3647058823529412,20.125,0.4888,False
EQX1025,Excavator,CUST16,S004,2025-10-16,2025-11-01,2025-11-01,2025-11-01,3.4,5.5,16,OP293,False,,False,10,4,False,False,0,0.6179775280898876,0.425,16,9,0.5467891023968561,0.4833333333333333,0.4050632911392405,21.0,0.3271,False
EQX1025,Excavator,CUST17,S006,2025-11-05,2025-11-15,2025-11-15,2025-11-15,2.3,6.1,10,OP234,False,,False,11,32,False,True,,0.7261904761904763,0.2875,10,10,0.5539079449661592,0.47750000000000004,0.6179775280898876,20.5,0.4225,False
EQX1026,Grader,CUST06,S003,2025-01-01,2025-01-20,2025-01-21,2025-01-20,5.3,1.4,20,OP198,False,,False,1,1,False,False,0,0.20895522388059704,0.8833333333333333,19,0,,,,,0.3722,False
EQX1026,Grader,CUST06,S002,2025-01-21,2025-02-02,2025-02-02,2025-02-02,3.9,2.4,12,OP267,False,,False,2,2,False,False,0,0.38095238095238093,0.65,12,1,0.20895522388059704,0.8833333333333333,0.20895522388059704,19.0,0.3023,False
EQX1026,Grader,CUST02,S003,2025-02-04,2025-02-19,2025-02-19,2025-02-19,2.7,3.1,15,OP235,False,,False,3,20,False,False,1,0.5344827586206896,0.45,15,2,0.294953802416489,0.7666666666666666,0.38095238095238093,15.5,0.4126,False
EQX1026,Grader,CUST17,S001,2025-03-11,2025-04-09,2025-04-09,2025-04-09,5.2,1.3,29,OP257,False,,False,4,6,False,False,0,0.2,0.8666666666666667,29,3,0.3747967878178892,0.6611111111111111,0.5344827586206896,15.333333333333334,0.2989,False
EQX1026,Grader,CUST10,S004,2025-04-15,2025-05-05,2025-05-06,2025-05-05,3.2,3.3,21,OP299,False,,False,5,4,False,False,0,0.5076923076923077,0.5333333333333333,20,4,0.3310975908634169,0.7125,0.2,18.75,0.3863,False
EQX1026,Grader,CUST15,,2025-05-09,2025-05-29,2025-05-29,2025-05-29,3.6,7.8,20,OP129,False,,False,6,14,True,False,1,0.6842105263157895,0.6,20,5,0.36641653422919507,0.6766666666666666,0.5076923076923077,19.0,0.459,False
EQX1026,Grader,CUST09,S004,2025-06-12,2025-06-28,2025-06-28,2025-06-28,0.0,12.1,16,OP148,False,,False,7,9,True,False,0,1.0,0.0,16,6,0.4193821995769608,0.6638888888888889,0.6842105263157895,19.166666666666668,0.4081,False
EQX1026,Grader,CUST17,S002,2025-07-07,2025-07-16,2025-07-17,2025-07-16,3.2,2.7,10,OP107,False,,False,8,20,False,False,1,0.4576271186440678,0.5333333333333333,9,7,0.5023275996373949,0.569047619047619,1.0,18.714285714285715,0.4294,False
EQX1026,Grader,CUST12,S004,2025-08-05,2025-09-02,2025-09-02,2025-09-02,5.3,1.0,28,OP199,False,,False,9,12,False,False,0,0.15873015873015872,0.8833333333333333,28,8,0.4967400395132291,0.5645833333333333,0.4576271186440678,17.5,0.2992,False
EQX1026,Grader,CUST17,S002,2025-09-14,2025-10-03,2025-10-03,2025-10-03,5.2,0.5,19,OP314,False,,False,10,12,False,False,0,0.08771929824561403,0.8666666666666667,19,9,0.4591833860928879,0.6000000000000001,0.15873015873015872,18.666666666666668,0.2904,False
EQX1026,Grader,CUST01,S004,2025-10-15,2025-11-13,2025-11-13,2025-11-13,5.0,0.9,29,OP110,False,,False,11,11,False,False,0,0.15254237288135591,0.8333333333333334,29,10,0.4220369773081606,0.6266666666666667,0.08771929824561403,18.7,0.2729,False
EQX1026,Grader,CUST10,S001,2025-11-24,2025-12-13,2025-12-13,2025-12-13,3.9,2.3,19,OP200,False,,False,12,0,False,False,0,0.3709677419354839,0.65,19,11,0.39753746781481464,0.6454545454545454,0.15254237288135591,19.636363636363637,0.2843,False
EQX1026,Grader,CUST07,S001,2025-12-13,2025-12-31,2025-12-31,2025-12-31,5.7,0.8,18,OP112,False,,False,13,7,False,True,,0.12307692307692308,0.9500000000000001,18,12,0.3953233239915371,0.6458333333333334,0.3709677419354839,19.583333333333332,0.2532,False
EQX1027,Grader,CUST09,S004,2025-01-01,2025-01-24,2025-01-25,2025-01-24,3.6,2.9,24,OP117,False,,False,1,0,False,False,0,0.4461538461538461,0.6,23,0,,,,,0.4945,False
EQX1027,Grader,CUST13,S001,2025-01-24,2025-02-04,2025-02-05,2025-02-04,3.0,3.6,12,OP148,False,,False,2,7,False,False,0,0.5454545454545455,0.5,11,1,0.4461538461538461,0.6,0.4461538461538461,23.0,0.31,False
EQX1027,Grader,CUST02,S006,2025-02-11,2025-02-22,2025-02-23,2025-02-22,1.3,5.4,12,OP180,False,,False,3,9,False,False,0,0.8059701492537313,0.21666666666666667,11,2,0.4958041958041958,0.55,0.5454545454545455,17.0,0.3976,False
EQX1027,Grader,CUST04,S002,2025-03-03,2025-03-19,2025-03-20,2025-03-19,3.3,2.9,17,OP287,False,,False,4,2,False,False,0,0.467741935483871,0.5499999999999999,16,3,0.599192846954041,0.4388888888888889,0.8059701492537313,15.0,0.3968,False
EQX1027,Grader,CUST12,S003,2025-03-21,2025-03-31,2025-04-01,2025-03-31,2.5,3.8,11,OP280,False,,False,5,20,False,False,1,0.6031746031746031,0.4166666666666667,10,4,0.5663301190864984,0.4666666666666667,0.467741935483871,15.25,0.536,True
EQX1027,Grader,CUST07,S004,2025-04-20,2025-05-07,2025-05-07,2025-05-07,3.3,8.8,17,OP156,False,,False,6,27,True,False,1,0.7272727272727273,0.5499999999999999,17,5,0.5736990159041194,0.45666666666666667,0.6031746031746031,14.2,0.5888,True
EQX1027,Grader,CUST08,S005,2025-06-03,2025-06-16,2025-06-16,2025-06-16,3.3,3.8,13,OP313,False,,False,7,9,False,False,0,0.5352112676056338,0.5499999999999999,13,6,0.5992946344655541,0.47222222222222215,0.7272727272727273,14.666666666666666,0.4117,False
EQX1027,Grader,CUST12,S002,2025-06-25,2025-07-23,2025-07-24,2025-07-23,3.6,2.3,29,OP103,False,,False,8,3,False,False,0,0.38983050847457623,0.6,28,7,0.5901398677712797,0.48333333333333334,0.5352112676056338,14.428571428571429,0.4599,False
EQX1027,Grader,CUST10,S001,2025-07-26,2025-08-21,2025-08-21,2025-08-21,3.4,3.4,26,OP125,False,,False,9,36,False,False,1,0.5,0.5666666666666667,26,8,0.5651011978591918,0.4979166666666667,0.38983050847457623,16.125,0.4951,False
EQX1027,Grader,CUST11,S003,2025-09-26,2025-10-11,2025-10-12,2025-10-11,3.7,3.4,16,OP164,False,,False,10,2,False,False,0,0.47887323943661975,0.6166666666666667,15,9,0.5578677314303927,0.5055555555555555,0.5,17.22222222222222,0.3447,False
EQX1027,Grader,CUST05,S004,2025-10-13,2025-10-26,2025-10-27,2025-10-26,1.9,10.1,14,OP151,False,,False,11,10,True,False,0,0.8416666666666667,0.31666666666666665,13,10,0.5499682822310155,0.5166666666666666,0.47887323943661975,17.0,0.2459,False
EQX1027,Grader,CUST14,S005,2025-11-05,2025-11-19,2025-11-20,2025-11-19,1.8,4.7,15,OP233,False,,False,12,0,False,False,0,0.7230769230769231,0.3,14,11,0.576486317179711,0.4984848484848485,0.8416666666666667,16.636363636363637,0.267,False
EQX1027,Grader,CUST06,S005,2025-11-19,2025-12-03,2025-12-03,2025-12-03,0.7,12.0,14,OP107,False,,False,13,7,True,False,0,0.9448818897637796,0.11666666666666665,14,12,0.5887022010044787,0.48194444444444445,0.7230769230769231,16.416666666666668,0.3429,False
EQX1027,Grader,CUST12,S006,2025-12-10,2025-12-23,2025-12-23,2025-12-23,3.3,2.9,13,OP268,False,,False,14,1,False,True,,0.467741935483871,0.5499999999999999,13,13,0.6161006386013479,0.4538461538461538,0.9448818897637796,16.23076923076923,0.354,False
EQX1028,Bulldozer,CUST16,S002,2025-01-01,2025-01-25,2025-01-26,2025-01-25,1.5,7.2,25,OP261,False,,False,1,23,False,False,1,0.8275862068965518,0.1875,24,0,,,,,0.5762,True
EQX1028,Bulldozer,CUST07,S001,2025-02-17,2025-03-17,2025-03-18,2025-03-17,3.4,5.7,29,OP286,False,,False,2,18,False,False,1,0.6263736263736264,0.425,28,1,0.8275862068965518,0.1875,0.8275862068965518,24.0,0.619,True
EQX1028,Bulldozer,CUST11,S005,2025-04-04,2025-04-29,2025-04-30,2025-04-29,4.0,4.8,26,OP315,False,,False,3,6,False,False,0,0.5454545454545454,0.5,25,2,0.7269799166350891,0.30625,0.6263736263736264,26.0,0.4803,False
EQX1028,Bulldozer,CUST03,S004,2025-05-05,2025-05-15,2025-05-15,2025-05-15,2.7,5.8,10,OP240,False,,False,4,2,False,False,0,0.6823529411764706,0.3375,10,3,0.6664714595749078,0.37083333333333335,0.5454545454545454,25.666666666666668,0.4414,False
EQX1028,Bulldozer,CUST03,S003,2025-05-17,2025-06-03,2025-06-04,2025-06-03,3.6,5.5,18,OP212,False,,False,5,19,False,False,1,0.6043956043956045,0.45,17,4,0.6704418299752986,0.3625,0.6823529411764706,21.75,0.6355,True
EQX1028,Bulldozer,CUST18,S004,2025-06-22,2025-07-05,2025-07-06,2025-07-05,0.4,7.1,14,OP292,False,,False,6,45,False,False,1,0.9466666666666667,0.05,13,5,0.6572325848593598,0.38,0.6043956043956045,20.8,0.6631,True
EQX1028,Bulldozer,CUST13,S001,2025-08-19,2025-09-05,2025-09-06,2025-09-05,2.8,5.7,18,OP320,False,,False,7,41,False,False,1,0.6705882352941177,0.35,17,6,0.705471598493911,0.325,0.9466666666666667,19.5,0.732,True
EQX1028,Bulldozer,CUST13,S004,2025-10-16,2025-11-11,2025-11-12,2025-11-11,2.8,6.0,27,OP298,False,,False,8,5,False,False,0,0.6818181818181818,0.35,26,7,0.7004882608939405,0.32857142857142857,0.6705882352941177,19.142857142857142,0.543,True
EQX1028,Bulldozer,CUST08,S001,2025-11-16,2025-12-01,2025-12-02,2025-12-01,3.5,4.2,16,OP211,False,,False,9,64,False,True,,0.5454545454545454,0.4375,15,8,0.6981545010094706,0.33125,0.6818181818181818,20.0,0.6133,True
EQX1029,Excavator,CUST04,S002,2025-01-01,2025-01-25,2025-01-26,2025-01-25,0.4,7.6,25,OP320,False,,False,1,33,False,False,1,0.95,0.05,24,0,,,,,0.6797,True
EQX1029,Excavator,CUST06,S005,2025-02-27,2025-03-27,2025-03-28,2025-03-27,2.8,5.3,29,OP156,False,,False,2,0,False,False,0,0.654320987654321,0.35,28,1,0.95,0.05,0.95,24.0,0.4936,False
EQX1029,Excavator,CUST15,S004,2025-03-27,2025-04-12,2025-04-12,2025-04-12,1.6,7.3,16,OP319,False,,False,3,39,False,False,1,0.8202247191011235,0.2,16,2,0.8021604938271605,0.19999999999999998,0.654320987654321,26.0,0.5695,True
EQX1029,Excavator,CUST16,S003,2025-05-21,2025-06-03,2025-06-03,2025-06-03,5.2,4.0,13,OP278,False,,False,4,32,False,False,1,0.4347826086956522,0.65,13,3,0.8081819022518149,0.19999999999999998,0.8202247191011235,22.666666666666668,0.6153,True
EQX1029,Excavator,CUST08,S001,2025-07-05,2025-07-16,2025-07-16,2025-07-16,1.9,7.0,11,OP115,False,,False,5,1,False,False,0,0.7865168539325842,0.2375,11,4,0.7148320788627742,0.3125,0.4347826086956522,20.25,0.5152,True
EQX1029,Excavator,CUST17,S004,2025-07-17,2025-08-01,2025-08-01,2025-08-01,3.5,4.9,15,OP147,False,,False,6,16,False,False,1,0.5833333333333334,0.4375,15,5,0.7291690338767362,0.2975,0.7865168539325842,18.4,0.7369,True
EQX1029,Excavator,CUST04,S001,2025-08-17,2025-09-12,2025-09-12,2025-09-12,2.6,6.5,26,OP226,False,,False,7,45,False,False,1,0.7142857142857143,0.325,26,6,0.704863083786169,0.32083333333333336,0.5833333333333334,17.833333333333332,0.6609,True
EQX1029,Excavator,CUST17,S002,2025-10-27,2025-11-09,2025-11-09,2025-11-09,4.6,4.2,13,OP268,False,,False,8,28,False,False,1,0.47727272727272724,0.575,13,7,0.7062091738575326,0.32142857142857145,0.7142857142857143,19.0,0.6951,True
EQX1029,Excavator,CUST12,S005,2025-12-07,2025-12-26,2025-12-27,2025-12-26,4.0,4.7,20,OP282,False,,False,9,35,False,True,,0.5402298850574714,0.5,19,8,0.677592118034432,0.353125,0.47727272727272724,18.25,0.5389,True
EQX1030,Bulldozer,CUST06,S001,2025-01-01,2025-01-29,2025-01-30,2025-01-29,1.0,9.9,29,OP324,False,,False,1,106,True,False,1,0.908256880733945,0.125,28,0,,,,,0.6142,True
EQX1030,Bulldozer,CUST03,S003,2025-05-15,2025-05-29,2025-05-29,2025-05-29,0.3,8.7,14,OP303,False,,False,2,12,False,False,0,0.9666666666666666,0.0375,14,1,0.908256880733945,0.125,0.908256880733945,28.0,0.4641,False
EQX1030,Bulldozer,CUST05,S006,2025-06-10,2025-07-07,2025-07-08,2025-07-07,0.0,8.1,28,OP283,False,,False,3,0,False,False,0,1.0,0.0,27,2,0.9374617737003057,0.08125,0.9666666666666666,21.0,0.5419,True
EQX1030,Bulldozer,CUST11,S005,2025-07-07,2025-07-25,2025-07-25,2025-07-25,0.1,8.7,18,OP126,False,,False,4,9,False,False,0,0.9886363636363636,0.0125,18,3,0.9583078491335372,0.05416666666666667,1.0,23.0,0.6176,True
EQX1030,Bulldozer,CUST01,S006,2025-08-03,2025-08-21,2025-08-21,2025-08-21,0.0,8.9,18,OP149,False,,False,5,36,False,False,1,1.0,0.0,18,4,0.9658899777592438,0.04375,0.9886363636363636,21.75,0.7234,True
EQX1030,Bulldozer,CUST15,S006,2025-09-26,2025-10-13,2025-10-14,2025-10-13,0.0,8.3,18,OP314,False,,False,6,18,False,False,1,1.0,0.0,17,5,0.9727119822073951,0.034999999999999996,1.0,21.0,0.7221,True
EQX1030,Bulldozer,CUST08,S002,2025-10-31,2025-11-19,2025-11-20,2025-11-19,2.1,6.5,20,OP161,False,,False,7,16,False,False,1,0.7558139534883721,0.2625,19,6,0.9772599851728292,0.029166666666666664,1.0,20.333333333333332,0.6928,True
EQX1030,Bulldozer,CUST03,S002,2025-12-05,2025-12-24,2025-12-24,2025-12-24,0.0,8.7,19,OP197,False,,False,8,30,False,True,,1.0,0.0,19,7,0.9456248377893353,0.0625,0.7558139534883721,20.142857142857142,0.6911,True
EQX1031,Bulldozer,CUST03,S002,2025-01-01,2025-01-23,2025-01-23,2025-01-23,6.2,2.4,22,OP257,False,,False,1,10,False,False,0,0.27906976744186046,0.775,22,0,,,,,0.4433,False
EQX1031,Bulldozer,CUST02,S005,2025-02-02,2025-03-01,2025-03-02,2025-03-01,0.0,11.4,28,OP295,False,,False,2,39,True,False,1,1.0,0.0,27,1,0.27906976744186046,0.775,0.27906976744186046,22.0,0.6805,True
EQX1031,Bulldozer,CUST04,S002,2025-04-09,2025-05-01,2025-05-02,2025-05-01,2.1,6.0,23,OP257,False,,False,3,8,False,False,0,0.7407407407407408,0.2625,22,2,0.6395348837209303,0.3875,1.0,24.5,0.4064,False
EQX1031,Bulldozer,CUST01,S002,2025-05-09,2025-06-02,2025-06-02,2025-06-02,4.2,4.5,24,OP263,False,,False,4,5,False,False,0,0.5172413793103449,0.525,24,3,0.6732701693942005,0.3458333333333334,0.7407407407407408,23.666666666666668,0.4998,False
EQX1031,Bulldozer,CUST15,S004,2025-06-07,2025-06-27,2025-06-27,2025-06-27,6.4,2.4,20,OP192,False,,False,5,15,False,False,1,0.2727272727272727,0.8,20,4,0.6342629718732365,0.390625,0.5172413793103449,23.75,0.5461,True
EQX1031,Bulldozer,CUST18,S004,2025-07-12,2025-08-04,2025-08-04,2025-08-04,4.5,3.1,23,OP267,False,,False,6,6,False,False,0,0.4078947368421053,0.5625,23,5,0.5619558320440439,0.4725,0.2727272727272727,23.0,0.3666,False
EQX1031,Bulldozer,CUST18,S003,2025-08-10,2025-09-01,2025-09-01,2025-09-01,4.3,4.2,22,OP161,False,,False,7,23,False,False,1,0.49411764705882355,0.5375,22,6,0.5362789828437208,0.4875,0.4078947368421053,23.0,0.4531,False
EQX1031,Bulldozer,CUST04,S003,2025-09-24,2025-10-13,2025-10-14,2025-10-13,7.0,1.8,20,OP162,False,,False,8,6,False,False,0,0.20454545454545453,0.875,19,7,0.5302559348744497,0.4946428571428571,0.49411764705882355,22.857142857142858,0.2836,False
EQX1031,Bulldozer,CUST09,S005,2025-10-19,2025-11-13,2025-11-13,2025-11-13,6.2,3.1,25,OP233,False,,False,9,0,False,False,0,0.3333333333333333,0.775,25,8,0.48954212483332527,0.5421875,0.20454545454545453,22.375,0.2991,False
EQX1031,Bulldozer,CUST02,S005,2025-11-13,2025-11-26,2025-11-27,2025-11-26,3.2,5.8,14,OP157,False,,False,10,24,False,True,,0.6444444444444444,0.4,13,9,0.47218559244443725,0.5680555555555555,0.3333333333333333,22.666666666666668,0.3252,False
EQX1032,Crane,CUST15,S001,2025-01-01,2025-01-24,2025-01-25,2025-01-24,0.9,8.6,24,OP154,False,,False,1,2,True,False,0,0.9052631578947368,0.18,23,0,,,,,0.5563,True
EQX1032,Crane,CUST10,S004,2025-01-26,2025-02-19,2025-02-19,2025-02-19,0.3,5.4,24,OP120,False,,False,2,0,False,False,0,0.9473684210526316,0.06,24,1,0.9052631578947368,0.18,0.9052631578947368,23.0,0.4544,False
EQX1032,Crane,CUST12,S004,2025-02-19,2025-03-10,2025-03-11,2025-03-10,0.3,5.8,20,OP126,False,,False,3,73,False,False,1,0.9508196721311476,0.06,19,2,0.9263157894736842,0.12,0.9473684210526316,23.5,0.6057,True
EQX1032,Crane,CUST05,S004,2025-05-22,2025-06-07,2025-06-08,2025-06-07,0.4,5.9,17,OP209,False,,False,4,15,False,False,1,0.9365079365079365,0.08,16,3,0.9344837503595054,0.09999999999999999,0.9508196721311476,22.0,0.6723,True
EQX1032,Crane,CUST13,S003,2025-06-22,2025-07-04,2025-07-05,2025-07-04,1.5,4.6,13,OP138,False,,False,5,28,False,False,1,0.7540983606557377,0.3,12,4,0.9349897968966131,0.095,0.9365079365079365,20.5,0.7098,True
EQX1032,Crane,CUST15,S005,2025-08-01,2025-08-13,2025-08-14,2025-08-13,0.6,4.3,13,OP186,False,,False,6,0,False,False,0,0.8775510204081634,0.12,12,5,0.898811509648438,0.13599999999999998,0.7540983606557377,18.8,0.6173,True
EQX1032,Crane,CUST02,S005,2025-08-13,2025-09-07,2025-09-07,2025-09-07,0.0,5.7,25,OP233,False,,False,7,3,False,False,0,1.0,0.0,25,6,0.895268094775059,0.13333333333333333,0.8775510204081634,17.666666666666668,0.5039,True
EQX1032,Crane,CUST15,S004,2025-09-10,2025-09-23,2025-09-24,2025-09-23,1.0,4.3,14,OP214,False,,False,8,14,False,False,1,0.8113207547169812,0.2,13,7,0.9102297955214791,0.1142857142857143,1.0,18.714285714285715,0.7214,True
EQX1032,Crane,CUST15,S006,2025-10-07,2025-10-27,2025-10-28,2025-10-27,2.0,4.1,21,OP255,False,,False,9,42,False,True,,0.6721311475409836,0.4,20,8,0.8978661654209168,0.125,0.8113207547169812,18.0,0.6725,True
EQX1033,Crane,CUST07,S002,2025-01-01,2025-01-15,2025-01-15,2025-01-15,2.5,3.1,14,OP116,False,,False,1,11,False,False,0,0.5535714285714286,0.5,14,0,,,,,0.4116,False
EQX1033,Crane,CUST17,S006,2025-01-26,2025-02-22,2025-02-22,2025-02-22,2.3,3.1,27,OP116,False,,False,2,28,False,False,1,0.5740740740740741,0.45999999999999996,27,1,0.5535714285714286,0.5,0.5535714285714286,14.0,0.5222,True
EQX1033,Crane,CUST09,S001,2025-03-22,2025-04-17,2025-04-17,2025-04-17,1.7,3.6,26,OP192,False,,False,3,13,False,False,0,0.679245283018868,0.33999999999999997,26,2,0.5638227513227514,0.48,0.5740740740740741,20.5,0.5155,True
EQX1033,Crane,CUST02,S001,2025-04-30,2025-05-19,2025-05-19,2025-05-19,0.0,10.6,19,OP272,False,,False,4,50,True,False,1,1.0,0.0,19,3,0.6022969285547902,0.4333333333333333,0.679245283018868,22.333333333333332,0.6969,True
EQX1033,Crane,CUST16,S002,2025-07-08,2025-07-18,2025-07-18,2025-07-18,2.6,3.3,10,OP323,False,,False,5,13,False,False,0,0.559322033898305,0.52,10,4,0.7017226964160926,0.32499999999999996,1.0,21.5,0.6026,True
EQX1033,Crane,CUST13,S005,2025-07-31,2025-08-13,2025-08-14,2025-08-13,0.8,4.1,14,OP178,False,,False,6,28,False,False,1,0.8367346938775511,0.16,13,5,0.6732425639125351,0.364,0.559322033898305,19.2,0.64,True
EQX1033,Crane,CUST08,S003,2025-09-10,2025-09-26,2025-09-27,2025-09-26,2.7,2.5,17,OP282,False,,False,7,23,False,False,1,0.4807692307692307,0.54,16,6,0.7004912522400377,0.33,0.8367346938775511,18.166666666666668,0.6882,True
EQX1033,Crane,CUST17,S001,2025-10-19,,2025-11-10,,3.2,3.3,22,OP191,True,True,True,8,19,True,False,1,0.5076923076923077,0.64,22,7,0.6691023920299225,0.36,0.4807692307692307,17.857142857142858,0.6091,True
EQX1033,Crane,CUST05,S005,2025-11-29,2025-12-25,2025-12-25,2025-12-25,2.5,2.8,26,OP161,False,,False,9,29,False,True,,0.5283018867924528,0.5,26,8,0.6489261314877206,0.395,0.5076923076923077,18.375,0.4742,False
EQX1034,Bulldozer,CUST16,S003,2025-01-01,2025-01-24,2025-01-24,2025-01-24,2.8,5.3,23,OP120,False,,False,1,9,False,False,0,0.654320987654321,0.35,23,0,,,,,0.5203,True
EQX1034,Bulldozer,CUST08,S003,2025-02-02,2025-02-16,2025-02-16,2025-02-16,2.2,6.6,14,OP156,False,,False,2,6,False,False,0,0.7499999999999999,0.275,14,1,0.654320987654321,0.35,0.654320987654321,23.0,0.5036,True
EQX1034,Bulldozer,CUST17,S002,2025-02-22,2025-03-06,2025-03-06,2025-03-06,1.5,6.9,12,OP101,False,,False,3,29,False,False,1,0.8214285714285714,0.1875,12,2,0.7021604938271604,0.3125,0.7499999999999999,18.5,0.7426,True
EQX1034,Bulldozer,CUST03,S006,2025-04-04,2025-04-19,2025-04-20,2025-04-19,0.6,7.8,16,OP160,False,,False,4,26,False,False,1,0.9285714285714285,0.075,15,3,0.7419165196942975,0.2708333333333333,0.8214285714285714,16.333333333333332,0.7917,True
EQX1034,Bulldozer,CUST10,S005,2025-05-15,2025-06-09,2025-06-10,2025-06-09,1.5,6.4,26,OP306,False,,False,5,9,False,False,0,0.810126582278481,0.1875,25,4,0.7885802469135802,0.221875,0.9285714285714285,16.0,0.5449,True
EQX1034,Bulldozer,CUST03,S005,2025-06-18,2025-06-28,2025-06-28,2025-06-28,1.7,7.0,10,OP159,False,,False,6,11,False,False,0,0.8045977011494253,0.2125,10,5,0.7928895139865604,0.215,0.810126582278481,17.8,0.6995,True
EQX1034,Bulldozer,CUST07,S005,2025-07-09,2025-07-20,2025-07-20,2025-07-20,2.1,7.2,11,OP329,False,,False,7,79,False,False,1,0.7741935483870968,0.2625,11,6,0.7948408785137046,0.21458333333333335,0.8045977011494253,16.5,0.7738,True
EQX1034,Bulldozer,CUST10,S003,2025-10-07,2025-10-26,2025-10-26,2025-10-26,1.8,6.3,19,OP208,False,,False,8,65,False,True,,0.7777777777777778,0.225,19,7,0.7918912599241892,0.22142857142857145,0.7741935483870968,15.714285714285714,0.7375,True
EQX1035,Crane,CUST11,S002,2025-01-01,2025-01-29,2025-01-29,2025-01-29,1.4,3.8,28,OP198,False,,False,1,16,False,False,1,0.7307692307692308,0.27999999999999997,28,0,,,,,0.5193,True
EQX1035,Crane,CUST11,S001,2025-02-14,2025-03-07,2025-03-07,2025-03-07,1.8,3.4,21,OP119,False,,False,2,14,False,False,1,0.6538461538461539,0.36,21,1,0.7307692307692308,0.27999999999999997,0.7307692307692308,28.0,0.5963,True
EQX1035,Crane,CUST05,S003,2025-03-21,2025-04-18,2025-04-19,2025-04-18,3.6,1.5,29,OP248,False,,False,3,16,False,False,1,0.29411764705882354,0.72,28,2,0.6923076923076923,0.31999999999999995,0.6538461538461539,24.5,0.6082,True
EQX1035,Crane,CUST18,,2025-05-04,2025-05-26,2025-05-26,2025-05-26,3.5,9.5,22,,False,,False,4,13,True,False,0,0.7307692307692307,0.7,22,3,0.5595776772247361,0.4533333333333333,0.29411764705882354,25.666666666666668,0.3041,False
EQX1035,Crane,CUST15,S004,2025-06-08,2025-06-26,2025-06-27,2025-06-26,4.0,1.5,19,OP249,False,,False,5,22,False,False,1,0.2727272727272727,0.8,18,4,0.6023755656108598,0.5149999999999999,0.7307692307692307,24.75,0.5488,True
EQX1035,Crane,CUST11,S004,2025-07-18,2025-08-13,2025-08-13,2025-08-13,2.2,2.9,26,OP139,False,,False,6,4,False,False,0,0.5686274509803921,0.44000000000000006,26,5,0.5364459070341423,0.572,0.2727272727272727,23.4,0.3105,False
EQX1035,Crane,CUST04,,2025-08-17,2025-09-10,2025-09-10,2025-09-10,0.3,5.2,24,,False,,False,7,31,True,False,1,0.9454545454545454,0.06,24,6,0.5418094976918506,0.5499999999999999,0.5686274509803921,23.833333333333332,0.5738,True
EQX1035,Crane,CUST16,S006,2025-10-11,2025-10-31,2025-11-01,2025-10-31,5.5,0.7,21,OP161,False,,False,8,23,False,False,1,0.1129032258064516,1.1,20,7,0.5994730759436642,0.48,0.9454545454545454,23.857142857142858,0.49,False
EQX1035,Crane,CUST09,S003,2025-11-23,2025-12-02,2025-12-03,2025-12-02,3.2,2.6,10,OP278,False,,False,9,6,False,False,0,0.44827586206896547,0.64,9,8,0.5386518446765126,0.5575,0.1129032258064516,23.375,0.2949,False
EQX1035,Crane,CUST07,S005,2025-12-08,2025-12-25,2025-12-25,2025-12-25,3.5,2.2,17,OP218,False,,False,10,23,False,True,,0.3859649122807018,0.7,17,9,0.5286100688312296,0.5666666666666667,0.44827586206896547,21.77777777777778,0.3713,False
EQX1036,Bulldozer,CUST10,S004,2025-01-01,2025-01-12,2025-01-13,2025-01-12,2.3,6.3,12,OP114,False,,False,1,4,False,False,0,0.7325581395348837,0.2875,11,0,,,,,0.48,False
EQX1036,Bulldozer,CUST10,S004,2025-01-16,2025-02-02,2025-02-02,2025-02-02,4.0,4.6,17,OP148,False,,False,2,26,False,False,1,0.5348837209302325,0.5,17,1,0.7325581395348837,0.2875,0.7325581395348837,11.0,0.7372,True
EQX1036,Bulldozer,CUST06,S006,2025-02-28,2025-03-25,2025-03-26,2025-03-25,2.8,6.0,26,OP229,False,,False,3,6,False,False,0,0.6818181818181818,0.35,25,2,0.6337209302325582,0.39375,0.5348837209302325,14.0,0.5198,True
EQX1036,Bulldozer,CUST12,S004,2025-03-31,2025-04-27,2025-04-27,2025-04-27,5.0,3.9,27,OP289,False,,False,4,5,False,False,0,0.4382022471910112,0.625,27,3,0.649753347427766,0.37916666666666665,0.6818181818181818,17.666666666666668,0.5035,True
EQX1036,Bulldozer,CUST02,S001,2025-05-02,2025-05-26,2025-05-26,2025-05-26,5.8,2.9,24,OP121,False,,False,5,32,False,False,1,0.33333333333333337,0.725,24,4,0.5968655723685773,0.440625,0.4382022471910112,20.0,0.5052,True
EQX1036,Bulldozer,CUST17,S001,2025-06-27,2025-07-13,2025-07-14,2025-07-13,4.9,3.8,17,OP139,False,,False,6,11,False,False,0,0.4367816091954023,0.6125,16,5,0.5441591245615285,0.49749999999999994,0.33333333333333337,20.8,0.3488,False
EQX1036,Bulldozer,CUST07,,2025-07-24,2025-08-18,2025-08-18,2025-08-18,2.3,10.3,25,,False,,False,7,3,True,False,0,0.8174603174603174,0.2875,25,6,0.5262628720005075,0.5166666666666667,0.4367816091954023,20.0,0.3496,False
EQX1036,Bulldozer,CUST13,S001,2025-08-21,2025-09-08,2025-09-09,2025-09-08,4.3,4.2,19,OP287,False,,False,8,14,False,False,1,0.49411764705882355,0.5375,18,7,0.5678625070661946,0.48392857142857143,0.8174603174603174,20.714285714285715,0.5572,True
EQX1036,Bulldozer,CUST03,S004,2025-09-22,2025-10-05,2025-10-05,2025-10-05,2.1,6.7,13,OP230,False,,False,9,14,False,False,1,0.7613636363636364,0.2625,13,8,0.5586443995652732,0.490625,0.49411764705882355,20.375,0.4839,False
EQX1036,Bulldozer,CUST06,S006,2025-10-19,2025-11-12,2025-11-13,2025-11-12,4.6,4.6,25,OP131,False,,False,10,19,False,False,1,0.5,0.575,24,9,0.5811687592095358,0.4652777777777778,0.7613636363636364,19.555555555555557,0.5436,True
EQX1036,Bulldozer,CUST09,S006,2025-12-01,2025-12-28,2025-12-28,2025-12-28,2.8,4.9,27,OP312,False,,False,11,27,False,True,,0.6363636363636364,0.35,27,10,0.5730518832885823,0.47625,0.5,20.0,0.4029,False
EQX1037,Grader,CUST13,S001,2025-01-01,2025-01-19,2025-01-20,2025-01-19,1.8,5.1,19,OP251,False,,False,1,33,False,False,1,0.7391304347826086,0.3,18,0,,,,,0.5394,True
EQX1037,Grader,CUST16,S002,2025-02-21,2025-03-13,2025-03-13,2025-03-13,1.7,5.1,20,OP309,False,,False,2,15,False,False,1,0.75,0.2833333333333333,20,1,0.7391304347826086,0.3,0.7391304347826086,18.0,0.7434,True
EQX1037,Grader,CUST11,S005,2025-03-28,2025-04-11,2025-04-11,2025-04-11,4.5,2.4,14,OP193,False,,False,3,1,False,False,0,0.34782608695652173,0.75,14,2,0.7445652173913043,0.29166666666666663,0.75,19.0,0.55,True
EQX1037,Grader,CUST01,S001,2025-04-12,2025-05-09,2025-05-10,2025-05-09,2.4,4.6,28,OP151,False,,False,4,9,False,False,0,0.6571428571428571,0.39999999999999997,27,3,0.6123188405797101,0.4444444444444444,0.34782608695652173,17.333333333333332,0.4277,False
EQX1037,Grader,CUST12,S001,2025-05-18,2025-06-14,2025-06-15,2025-06-14,2.3,4.1,28,OP305,False,,False,5,19,False,False,1,0.640625,0.3833333333333333,27,4,0.6235248447204969,0.4333333333333333,0.6571428571428571,19.75,0.5403,True
EQX1037,Grader,CUST17,S001,2025-07-03,2025-07-23,2025-07-24,2025-07-23,2.7,4.5,21,OP259,False,,False,6,8,False,False,0,0.625,0.45,20,5,0.6269448757763975,0.42333333333333334,0.640625,21.2,0.5,True
EQX1037,Grader,CUST13,S003,2025-07-31,2025-08-10,2025-08-11,2025-08-10,0.3,5.9,11,OP153,False,,False,7,23,False,False,1,0.9516129032258065,0.049999999999999996,10,6,0.6266207298136646,0.42777777777777776,0.625,21.0,0.6452,True
EQX1037,Grader,CUST17,S006,2025-09-02,2025-09-15,2025-09-15,2025-09-15,1.5,5.2,13,OP246,False,,False,8,10,False,False,0,0.7761194029850746,0.25,13,7,0.6730481831582563,0.3738095238095238,0.9516129032258065,19.428571428571427,0.5231,True
EQX1037,Grader,CUST17,S003,2025-09-25,,2025-10-24,,3.2,4.7,29,OP263,True,True,True,9,36,True,False,1,0.5949367088607594,0.5333333333333333,29,8,0.6859320856366086,0.35833333333333334,0.7761194029850746,18.625,0.6458,True
EQX1037,Grader,CUST03,S006,2025-11-29,2025-12-14,2025-12-15,2025-12-14,2.7,4.2,16,OP203,False,,False,10,4,False,False,0,0.6086956521739131,0.45,15,9,0.6758214882170699,0.37777777777777777,0.5949367088607594,19.77777777777778,0.491,False
EQX1037,Grader,CUST15,S004,2025-12-18,2025-12-30,2025-12-31,2025-12-30,1.9,4.5,13,OP130,False,,False,11,14,False,True,,0.703125,0.31666666666666665,12,10,0.6691089046127541,0.385,0.6086956521739131,19.3,0.4448,False
EQX1038,Crane,CUST05,S003,2025-01-01,2025-01-29,2025-01-29,2025-01-29,2.7,2.8,28,OP285,False,,False,1,8,False,False,0,0.509090909090909,0.54,28,0,,,,,0.4754,False
EQX1038,Crane,CUST12,S004,2025-02-06,2025-02-20,2025-02-21,2025-02-20,0.0,9.8,15,OP186,False,,False,2,8,True,False,0,1.0,0.0,14,1,0.509090909090909,0.54,0.509090909090909,28.0,0.4055,False
EQX1038,Crane,CUST17,S004,2025-02-28,2025-03-13,2025-03-13,2025-03-13,1.6,3.7,13,OP313,False,,False,3,3,False,False,0,0.6981132075471698,0.32,13,2,0.7545454545454545,0.27,1.0,21.0,0.6328,True
EQX1038,Crane,CUST15,S006,2025-03-16,2025-03-28,2025-03-29,2025-03-28,1.0,8.2,13,OP124,False,,False,4,0,True,False,0,0.8913043478260869,0.2,12,3,0.7357347055460263,0.2866666666666667,0.6981132075471698,18.333333333333332,0.6985,True
EQX1038,Crane,CUST18,S005,2025-03-28,2025-04-23,2025-04-24,2025-04-23,1.6,4.4,27,OP319,False,,False,5,5,False,False,0,0.7333333333333334,0.32,26,4,0.7746271161160414,0.265,0.8913043478260869,16.75,0.6061,True
EQX1038,Crane,CUST05,S002,2025-04-28,2025-05-17,2025-05-17,2025-05-17,1.4,8.9,19,OP280,False,,False,6,31,True,False,1,0.8640776699029126,0.27999999999999997,19,5,0.7663683595594998,0.276,0.7333333333333334,18.6,0.7157,True
EQX1038,Crane,CUST08,S004,2025-06-17,2025-07-10,2025-07-10,2025-07-10,3.0,1.8,23,OP150,False,,False,7,7,False,False,0,0.375,0.6,23,6,0.7826532446167352,0.27666666666666667,0.8640776699029126,18.666666666666668,0.5542,True
EQX1038,Crane,CUST09,,2025-07-17,2025-07-31,2025-07-31,2025-07-31,0.3,9.8,14,,False,,False,8,5,True,False,0,0.9702970297029703,0.06,14,7,0.7244170668143445,0.32285714285714284,0.375,19.285714285714285,0.4752,False
EQX1038,Crane,CUST10,S006,2025-08-05,2025-08-30,2025-08-31,2025-08-30,0.3,5.3,26,OP269,False,,False,9,4,False,False,0,0.9464285714285715,0.06,25,8,0.7551520621754227,0.29,0.9702970297029703,18.625,0.5291,True
EQX1038,Crane,CUST17,S006,2025-09-03,2025-09-19,2025-09-20,2025-09-19,1.9,3.3,17,OP180,False,,False,10,17,False,False,1,0.6346153846153847,0.38,16,9,0.7764050076479948,0.2644444444444444,0.9464285714285715,19.333333333333332,0.6788,True
EQX1038,Crane,CUST13,S001,2025-10-06,2025-10-21,2025-10-22,2025-10-21,1.9,3.1,16,OP258,False,,False,11,3,False,False,0,0.62,0.38,15,10,0.7622260453447338,0.27599999999999997,0.6346153846153847,19.0,0.5401,True
EQX1038,Crane,CUST18,S002,2025-10-24,2025-11-13,2025-11-14,2025-11-13,3.1,1.8,21,OP231,False,,False,12,19,False,False,1,0.36734693877551017,0.62,20,11,0.749296404858849,0.28545454545454546,0.62,18.636363636363637,0.6147,True
EQX1038,Crane,CUST11,S004,2025-12-02,2025-12-13,2025-12-13,2025-12-13,0.8,5.3,11,OP262,False,,False,13,9,False,True,,0.8688524590163935,0.16,11,12,0.7174672826852374,0.3133333333333333,0.36734693877551017,18.75,0.4709,False
EQX1039,Grader,CUST15,S006,2025-01-01,,2025-01-22,,1.2,5.1,21,OP167,True,False,True,1,38,True,False,1,0.8095238095238095,0.19999999999999998,21,0,,,,,0.5762,True
EQX1039,Grader,CUST03,S006,2025-03-01,2025-03-21,2025-03-21,2025-03-21,4.6,2.1,20,OP235,False,,False,2,49,False,False,1,0.3134328358208956,0.7666666666666666,20,1,0.8095238095238095,0.19999999999999998,0.8095238095238095,21.0,0.632,True
EQX1039,Grader,CUST07,S002,2025-05-09,2025-05-31,2025-05-31,2025-05-31,3.3,3.3,22,OP224,False,,False,3,31,False,False,1,0.5,0.5499999999999999,22,2,0.5614783226723525,0.4833333333333333,0.3134328358208956,20.5,0.5258,True
EQX1039,Grader,CUST13,S005,2025-07-01,2025-07-21,2025-07-21,2025-07-21,4.4,1.9,20,OP193,False,,False,4,5,False,False,0,0.3015873015873015,0.7333333333333334,20,3,0.540985548448235,0.5055555555555555,0.5,21.0,0.3688,False
EQX1039,Grader,CUST18,S002,2025-07-26,2025-08-10,2025-08-10,2025-08-10,3.4,3.5,15,OP195,False,,False,5,21,False,False,1,0.5072463768115941,0.5666666666666667,15,4,0.4811359867330016,0.5625,0.3015873015873015,20.75,0.448,False
EQX1039,Grader,CUST04,S001,2025-08-31,2025-09-13,2025-09-14,2025-09-13,3.1,3.7,14,OP140,False,,False,6,8,False,False,0,0.5441176470588235,0.5166666666666667,13,5,0.4863580647487201,0.5633333333333332,0.5072463768115941,19.6,0.3599,False
EQX1039,Grader,CUST11,S005,2025-09-21,2025-10-19,2025-10-20,2025-10-19,0.7,5.3,29,OP102,False,,False,7,39,False,False,1,0.8833333333333333,0.11666666666666665,28,6,0.495984661800404,0.5555555555555555,0.5441176470588235,18.5,0.5526,True
EQX1039,Grader,CUST05,S004,2025-11-27,2025-12-15,2025-12-15,2025-12-15,1.4,4.7,18,OP314,False,,False,8,41,False,True,,0.7704918032786886,0.2333333333333333,18,7,0.5513201863051082,0.4928571428571428,0.8833333333333333,19.857142857142858,0.4442,False
EQX1040,Excavator,CUST03,S004,2025-01-01,2025-01-13,2025-01-14,2025-01-13,2.1,6.7,13,OP147,False,,False,1,1,False,False,0,0.7613636363636364,0.2625,12,0,,,,,0.5124,True
EQX1040,Excavator,CUST17,S003,2025-01-14,2025-02-09,2025-02-10,2025-02-09,1.1,8.1,27,OP117,False,,False,2,8,False,False,0,0.8804347826086957,0.1375,26,1,0.7613636363636364,0.2625,0.7613636363636364,12.0,0.6267,True
EQX1040,Excavator,CUST10,S004,2025-02-17,2025-03-06,2025-03-06,2025-03-06,0.2,8.3,17,OP287,False,,False,3,13,False,False,0,0.9764705882352942,0.025,17,2,0.820899209486166,0.2,0.8804347826086957,19.0,0.6121,True
EQX1040,Excavator,CUST14,S004,2025-03-19,2025-04-05,2025-04-06,2025-04-05,1.2,6.8,18,OP111,False,,False,4,2,False,False,0,0.85,0.15,17,3,0.8727563357358754,0.1416666666666667,0.9764705882352942,18.333333333333332,0.6576,True
EQX1040,Excavator,CUST16,S004,2025-04-07,2025-04-18,2025-04-18,2025-04-18,0.0,8.7,11,OP127,False,,False,5,41,False,False,1,1.0,0.0,11,4,0.8670672518019066,0.14375,0.85,18.0,0.8062,True
EQX1040,Excavator,CUST03,S004,2025-05-29,2025-06-18,2025-06-18,2025-06-18,0.1,8.8,20,OP274,False,,False,6,4,False,False,0,0.9887640449438203,0.0125,20,5,0.8936538014415252,0.11499999999999999,1.0,16.6,0.579,True
EQX1040,Excavator,CUST06,S004,2025-06-22,2025-07-09,2025-07-10,2025-07-09,2.7,5.7,18,OP229,False,,False,7,62,False,False,1,0.6785714285714286,0.3375,17,6,0.9095055086919078,0.09791666666666667,0.9887640449438203,17.166666666666668,0.7354,True
EQX1040,Excavator,CUST15,S004,2025-09-09,2025-09-23,2025-09-23,2025-09-23,0.0,8.6,14,OP172,False,,False,8,32,False,False,1,1.0,0.0,14,7,0.8765149258175536,0.13214285714285715,0.6785714285714286,17.142857142857142,0.7595,True
EQX1040,Excavator,CUST04,S002,2025-10-25,2025-11-03,2025-11-04,2025-11-03,0.0,8.9,10,OP181,False,,False,9,16,False,False,1,1.0,0.0,9,8,0.8919505600903594,0.115625,1.0,16.75,0.7893,True
EQX1040,Excavator,CUST07,S004,2025-11-19,2025-12-02,2025-12-02,2025-12-02,1.4,7.3,13,OP246,False,,False,10,121,False,True,,0.839080459770115,0.175,13,9,0.9039560534136528,0.10277777777777779,1.0,15.88888888888889,0.7153,True
EQX1041,Grader,CUST17,S006,2025-01-01,2025-01-29,2025-01-29,2025-01-29,1.0,5.3,28,OP266,False,,False,1,1,False,False,0,0.8412698412698413,0.16666666666666666,28,0,,,,,0.5873,True
EQX1041,Grader,CUST01,S003,2025-01-30,2025-02-12,2025-02-12,2025-02-12,1.9,5.1,13,OP191,False,,False,2,21,False,False,1,0.7285714285714285,0.31666666666666665,13,1,0.8412698412698413,0.16666666666666666,0.8412698412698413,28.0,0.5812,True
EQX1041,Grader,CUST11,S002,2025-03-05,2025-04-03,2025-04-03,2025-04-03,3.4,9.2,29,OP270,False,,False,3,17,True,False,1,0.7301587301587301,0.5666666666666667,29,2,0.7849206349206349,0.24166666666666664,0.7285714285714285,20.5,0.6721,True
EQX1041,Grader,CUST06,S004,2025-04-20,2025-04-29,2025-04-30,2025-04-29,0.5,6.3,10,OP124,False,,False,4,31,False,False,1,0.9264705882352942,0.08333333333333333,9,3,0.7666666666666666,0.3499999999999999,0.7301587301587301,23.333333333333332,0.7586,True
EQX1041,Grader,CUST13,S006,2025-05-30,2025-06-25,2025-06-25,2025-06-25,2.0,8.7,26,OP284,False,,False,5,16,True,False,1,0.8130841121495327,0.3333333333333333,26,4,0.8066176470588236,0.2833333333333333,0.9264705882352942,19.75,0.6387,True
EQX1041,Grader,CUST09,S004,2025-07-11,2025-07-21,2025-07-21,2025-07-21,0.0,12.4,10,OP189,False,,False,6,45,True,False,1,1.0,0.0,10,5,0.8079109400769653,0.29333333333333333,0.8130841121495327,21.0,0.8198,True
EQX1041,Grader,CUST04,S006,2025-09-04,2025-09-26,2025-09-26,2025-09-26,0.8,5.9,22,OP254,False,,False,7,5,False,False,0,0.8805970149253731,0.13333333333333333,22,6,0.839925783397471,0.24444444444444444,1.0,19.166666666666668,0.5241,True
EQX1041,Grader,CUST07,S005,2025-10-01,2025-10-21,2025-10-21,2025-10-21,1.1,5.4,20,OP237,False,,False,8,144,False,True,,0.8307692307692308,0.18333333333333335,20,7,0.8457359593300285,0.22857142857142856,0.8805970149253731,19.571428571428573,0.6387,True
EQX1042,Crane,CUST01,S005,2025-01-01,2025-01-22,2025-01-23,2025-01-22,1.6,3.9,22,OP263,False,,False,1,59,False,False,1,0.7090909090909091,0.32,21,0,,,,,0.5354,True
EQX1042,Crane,CUST08,S003,2025-03-22,,2025-04-09,,2.3,6.3,18,OP305,True,True,True,2,9,True,False,0,0.7325581395348837,0.45999999999999996,18,1,0.7090909090909091,0.32,0.7090909090909091,21.0,0.6429,True
EQX1042,Crane,CUST15,S004,2025-04-18,2025-05-14,2025-05-14,2025-05-14,1.0,4.6,26,OP244,False,,False,3,2,False,False,0,0.8214285714285714,0.2,26,2,0.7208245243128963,0.39,0.7325581395348837,19.5,0.527,True
EQX1042,Crane,CUST01,S005,2025-05-16,2025-06-01,2025-06-01,2025-06-01,1.5,3.2,16,OP130,False,,False,4,51,False,False,1,0.6808510638297872,0.3,16,3,0.7543592066847881,0.32666666666666666,0.8214285714285714,21.666666666666668,0.7387,True
EQX1042,Crane,CUST03,S005,2025-07-22,2025-08-11,2025-08-12,2025-08-11,3.3,2.4,21,OP300,False,,False,5,15,False,False,1,0.4210526315789474,0.6599999999999999,20,4,0.7359821709710379,0.32,0.6808510638297872,20.25,0.6683,True
EQX1042,Crane,CUST12,S003,2025-08-26,2025-09-24,2025-09-24,2025-09-24,0.9,5.0,29,OP266,False,,False,6,20,False,False,1,0.847457627118644,0.18,29,5,0.6729962630926198,0.388,0.4210526315789474,20.2,0.5398,True
EQX1042,Crane,CUST01,S002,2025-10-14,2025-10-30,2025-10-30,2025-10-30,2.4,2.6,16,OP280,False,,False,7,3,False,False,0,0.52,0.48,16,6,0.7020731570969572,0.35333333333333333,0.847457627118644,21.666666666666668,0.5259,True
EQX1042,Crane,CUST12,S004,2025-11-02,2025-11-26,2025-11-26,2025-11-26,2.9,3.0,24,OP311,False,,False,8,22,False,True,,0.5084745762711864,0.58,24,7,0.676062706083106,0.37142857142857144,0.52,20.857142857142858,0.5434,True
EQX1043,Grader,CUST08,S002,2025-01-01,2025-01-12,2025-01-13,2025-01-12,5.6,0.1,12,OP189,False,,False,1,5,False,False,0,0.01754385964912281,0.9333333333333332,11,0,,,,,0.3355,False
EQX1043,Grader,CUST14,S003,2025-01-17,2025-01-31,2025-02-01,2025-01-31,6.0,0.3,15,OP253,False,,False,2,5,False,False,0,0.047619047619047616,1.0,14,1,0.01754385964912281,0.9333333333333332,0.01754385964912281,11.0,0.2008,False
EQX1043,Grader,CUST17,S002,2025-02-05,2025-03-03,2025-03-04,2025-03-03,5.9,0.6,27,OP319,False,,False,3,1,False,False,0,0.0923076923076923,0.9833333333333334,26,2,0.03258145363408521,0.9666666666666666,0.047619047619047616,12.5,0.2709,False
EQX1043,Grader,CUST06,S006,2025-03-04,2025-03-20,2025-03-21,2025-03-20,5.4,0.4,17,OP239,False,,False,4,8,False,False,0,0.06896551724137931,0.9,16,3,0.05249019985862091,0.9722222222222222,0.0923076923076923,17.0,0.2273,False
EQX1043,Grader,CUST04,S003,2025-03-28,2025-04-22,2025-04-22,2025-04-22,5.8,0.1,25,OP323,False,,False,5,20,False,False,1,0.016949152542372885,0.9666666666666667,25,4,0.056609029204310504,0.9541666666666666,0.06896551724137931,16.75,0.4267,False
EQX1043,Grader,CUST01,S004,2025-05-12,2025-05-24,2025-05-25,2025-05-24,5.8,1.2,13,OP113,False,,False,6,3,False,False,0,0.17142857142857143,0.9666666666666667,12,5,0.04867705387192298,0.9566666666666667,0.016949152542372885,18.4,0.1979,False
EQX1043,Grader,CUST15,S006,2025-05-27,2025-06-14,2025-06-14,2025-06-14,4.9,1.3,18,OP316,False,,False,7,16,False,False,1,0.20967741935483872,0.8166666666666668,18,6,0.06913564013136439,0.9583333333333334,0.17142857142857143,17.333333333333332,0.4352,False
EQX1043,Grader,CUST17,S002,2025-06-30,2025-07-13,2025-07-13,2025-07-13,6.0,0.1,13,OP268,False,,False,8,2,False,False,0,0.01639344262295082,1.0,13,7,0.0892130371632893,0.9380952380952381,0.20967741935483872,17.428571428571427,0.288,False
EQX1043,Grader,CUST12,S005,2025-07-15,2025-07-27,2025-07-28,2025-07-27,6.4,0.6,13,OP287,False,,False,9,9,False,False,0,0.08571428571428572,1.0666666666666667,12,8,0.08011058784574698,0.9458333333333333,0.01639344262295082,16.875,0.1998,False
EQX1043,Grader,CUST18,S004,2025-08-05,2025-08-28,2025-08-28,2025-08-28,5.6,0.2,23,OP222,False,,False,10,4,False,False,0,0.034482758620689655,0.9333333333333332,23,9,0.08073322094225129,0.9592592592592593,0.08571428571428572,16.333333333333332,0.3002,False
EQX1043,Grader,CUST04,S005,2025-09-01,2025-09-21,2025-09-21,2025-09-21,5.4,0.7,20,OP116,False,,False,11,14,False,False,1,0.11475409836065573,0.9,20,10,0.07610817471009512,0.9566666666666667,0.034482758620689655,17.0,0.3975,False
EQX1043,Grader,CUST04,S002,2025-10-05,2025-10-20,2025-10-20,2025-10-20,2.0,4.5,15,OP189,False,,False,12,1,False,False,0,0.6923076923076923,0.3333333333333333,15,11,0.07962144049650972,0.9515151515151515,0.11475409836065573,17.272727272727273,0.2448,False
EQX1043,Grader,CUST06,S004,2025-10-21,2025-11-16,2025-11-16,2025-11-16,5.9,0.6,26,OP299,False,,False,13,0,False,False,0,0.0923076923076923,0.9833333333333334,26,12,0.1306786281474416,0.9,0.6923076923076923,17.083333333333332,0.2981,False
EQX1043,Grader,CUST01,S003,2025-11-16,2025-12-02,2025-12-03,2025-12-02,4.5,1.2,17,OP289,False,,False,14,1,False,False,0,0.21052631578947367,0.75,16,13,0.1277270176982301,0.9064102564102564,0.0923076923076923,17.76923076923077,0.1769,False
EQX1043,Grader,CUST18,S004,2025-12-03,2025-12-17,2025-12-17,2025-12-17,5.6,1.1,14,OP265,False,,False,15,10,False,True,,0.16417910447761197,0.9333333333333332,14,14,0.1336412532761761,0.8952380952380953,0.21052631578947367,17.642857142857142,0.2114,False
EQX1044,Excavator,CUST17,S001,2025-01-01,2025-01-14,2025-01-14,2025-01-14,3.9,7.0,13,OP285,False,,False,1,12,True,False,0,0.6422018348623852,0.4875,13,0,,,,,0.4476,False
EQX1044,Excavator,CUST15,S003,2025-01-26,2025-02-19,2025-02-19,2025-02-19,6.3,2.2,24,OP182,False,,False,2,37,False,False,1,0.25882352941176473,0.7875,24,1,0.6422018348623852,0.4875,0.6422018348623852,13.0,0.6113,True
EQX1044,Excavator,CUST03,S002,2025-03-28,2025-04-16,2025-04-16,2025-04-16,0.4,9.0,19,OP183,False,,False,3,40,True,False,1,0.9574468085106382,0.05,19,2,0.45051268213707496,0.6375,0.25882352941176473,18.5,0.6,True
EQX1044,Excavator,CUST07,S006,2025-05-26,2025-06-07,2025-06-08,2025-06-07,5.4,3.9,13,OP325,False,,False,4,1,False,False,0,0.4193548387096774,0.675,12,3,0.619490724261596,0.44166666666666665,0.9574468085106382,18.666666666666668,0.3281,False
EQX1044,Excavator,CUST12,S001,2025-06-08,2025-07-02,2025-07-03,2025-07-02,5.8,2.5,25,OP308,False,,False,5,14,False,False,1,0.3012048192771084,0.725,24,4,0.5694567528736164,0.5,0.4193548387096774,17.0,0.5215,True
EQX1044,Excavator,CUST05,S003,2025-07-16,2025-07-28,2025-07-28,2025-07-28,4.0,4.1,12,OP124,False,,False,6,6,False,False,0,0.5061728395061729,0.5,12,5,0.5158063661543147,0.545,0.3012048192771084,18.4,0.2978,False
EQX1044,Excavator,CUST15,S001,2025-08-03,2025-08-13,2025-08-13,2025-08-13,5.3,2.5,10,OP323,False,,False,7,11,False,False,0,0.32051282051282054,0.6625,10,6,0.5142007783796244,0.5375,0.5061728395061729,17.333333333333332,0.3255,False
EQX1044,Excavator,CUST16,S006,2025-08-24,2025-09-06,2025-09-07,2025-09-06,0.0,11.5,14,OP272,False,,False,8,11,True,False,0,1.0,0.0,13,7,0.4865310701129382,0.5553571428571429,0.32051282051282054,16.285714285714285,0.3274,False
EQX1044,Excavator,CUST13,S002,2025-09-17,2025-10-15,2025-10-15,2025-10-15,0.0,11.5,28,OP274,False,,False,9,23,True,False,1,1.0,0.0,28,8,0.5507146863488209,0.4859375,1.0,15.875,0.5782,True
EQX1044,Excavator,CUST07,S005,2025-11-07,2025-12-03,2025-12-04,2025-12-03,4.8,4.1,27,OP125,False,,False,10,20,False,True,,0.4606741573033708,0.6,26,9,0.6006352767545075,0.43194444444444446,1.0,17.22222222222222,0.4109,False
EQX1045,Grader,CUST17,S005,2025-01-01,2025-01-28,2025-01-28,2025-01-28,1.4,5.3,27,OP253,False,,False,1,23,False,False,1,0.791044776119403,0.2333333333333333,27,0,,,,,0.5627,True
EQX1045,Grader,CUST16,S004,2025-02-20,,2025-03-09,,3.9,5.9,17,OP262,True,True,True,2,3,True,False,0,0.6020408163265306,0.65,17,1,0.791044776119403,0.2333333333333333,0.791044776119403,27.0,0.5292,True
EQX1045,Grader,CUST09,S001,2025-03-12,2025-03-29,2025-03-29,2025-03-29,0.0,6.6,17,OP233,False,,False,3,4,False,False,0,1.0,0.0,17,2,0.6965427962229669,0.44166666666666665,0.6020408163265306,22.0,0.5751,True
EQX1045,Grader,CUST07,S003,2025-04-02,2025-04-15,2025-04-16,2025-04-15,0.1,7.5,14,OP144,False,,False,4,33,True,False,1,0.986842105263158,0.016666666666666666,13,3,0.7976951974819779,0.29444444444444445,1.0,20.333333333333332,0.7461,True
EQX1045,Grader,CUST13,S001,2025-05-18,2025-05-30,2025-05-31,2025-05-30,0.1,5.9,13,OP130,False,,False,5,68,False,False,1,0.9833333333333334,0.016666666666666666,12,4,0.8449819244272729,0.225,0.986842105263158,18.5,0.7273,True
EQX1045,Grader,CUST17,S004,2025-08-06,2025-08-18,2025-08-19,2025-08-18,1.5,4.4,13,OP268,False,,False,6,3,False,False,0,0.7457627118644068,0.25,12,5,0.872652206208485,0.18333333333333332,0.9833333333333334,17.2,0.6682,True
EQX1045,Grader,CUST03,S005,2025-08-21,,2025-09-01,,3.2,5.0,11,OP198,True,True,True,7,63,True,False,1,0.6097560975609757,0.5333333333333333,11,6,0.8515039571511386,0.19444444444444442,0.7457627118644068,16.333333333333332,0.7458,True
EQX1045,Grader,CUST04,S001,2025-11-03,2025-11-22,2025-11-22,2025-11-22,0.0,12.6,19,OP272,False,,False,8,46,True,True,,1.0,0.0,19,7,0.8169685486382583,0.24285714285714285,0.6097560975609757,15.571428571428571,0.7575,True
EQX1046,Bulldozer,CUST01,S002,2025-01-01,2025-01-14,2025-01-14,2025-01-14,4.3,4.1,13,OP179,False,,False,1,6,False,False,0,0.48809523809523814,0.5375,13,0,,,,,0.4349,False
EQX1046,Bulldozer,CUST09,S003,2025-01-20,2025-02-13,2025-02-13,2025-02-13,5.8,2.1,24,OP138,False,,False,2,6,False,False,0,0.26582278481012656,0.725,24,1,0.48809523809523814,0.5375,0.48809523809523814,13.0,0.3829,False
EQX1046,Bulldozer,CUST08,S001,2025-02-19,2025-03-16,2025-03-16,2025-03-16,7.0,0.7,25,OP208,False,,False,3,7,False,False,0,0.0909090909090909,0.875,25,2,0.37695901145268235,0.63125,0.26582278481012656,18.5,0.277,False
EQX1046,Bulldozer,CUST15,S002,2025-03-23,2025-04-15,2025-04-15,2025-04-15,5.8,1.9,23,OP210,False,,False,4,3,False,False,0,0.24675324675324675,0.725,23,3,0.2816090379381519,0.7125,0.0909090909090909,20.666666666666668,0.3217,False
EQX1046,Bulldozer,CUST03,S005,2025-04-18,2025-05-15,2025-05-15,2025-05-15,5.2,3.2,27,OP141,False,,False,5,17,False,False,1,0.38095238095238093,0.65,27,4,0.2728950901419256,0.715625,0.24675324675324675,21.25,0.4804,False
EQX1046,Bulldozer,CUST02,S006,2025-06-01,2025-06-28,2025-06-29,2025-06-28,4.0,4.5,28,OP155,False,,False,6,4,False,False,0,0.5294117647058824,0.5,27,5,0.2945065483040167,0.7025,0.38095238095238093,22.4,0.3445,False
EQX1046,Bulldozer,CUST17,S005,2025-07-02,2025-07-30,2025-07-31,2025-07-30,4.0,4.9,29,OP229,False,,False,7,1,False,False,0,0.550561797752809,0.5,28,6,0.3336574177043276,0.6687500000000001,0.5294117647058824,23.166666666666668,0.3422,False
EQX1046,Bulldozer,CUST11,S006,2025-07-31,2025-08-24,2025-08-24,2025-08-24,3.4,5.1,24,OP183,False,,False,8,5,False,False,0,0.6,0.425,24,7,0.3646437577112535,0.6446428571428572,0.550561797752809,23.857142857142858,0.3554,False
EQX1046,Bulldozer,CUST12,S003,2025-08-29,2025-09-10,2025-09-10,2025-09-10,4.9,3.3,12,OP282,False,,False,9,28,False,False,1,0.4024390243902439,0.6125,12,8,0.3940632879973468,0.6171875,0.6,23.875,0.4341,False
EQX1046,Bulldozer,CUST08,S003,2025-10-08,2025-10-19,2025-10-19,2025-10-19,8.4,0.9,11,OP171,False,,False,10,3,False,False,0,0.0967741935483871,1.05,11,9,0.3949939253743354,0.6166666666666667,0.4024390243902439,22.555555555555557,0.2399,False
EQX1046,Bulldozer,CUST06,S002,2025-10-22,2025-11-17,2025-11-18,2025-11-17,4.0,4.3,27,OP314,False,,False,11,3,False,False,0,0.5180722891566264,0.5,26,10,0.3651719521917406,0.6599999999999999,0.0967741935483871,21.4,0.3079,False
EQX1046,Bulldozer,CUST02,S004,2025-11-20,2025-12-03,2025-12-03,2025-12-03,4.8,7.3,13,OP230,False,,False,12,36,True,True,,0.6033057851239669,0.6,13,11,0.379071982824912,0.6454545454545454,0.5180722891566264,21.818181818181817,0.3213,False
EQX1047,Grader,CUST08,S006,2025-01-01,2025-01-22,2025-01-23,2025-01-22,4.2,2.5,22,OP295,False,,False,1,3,False,False,0,0.3731343283582089,0.7000000000000001,21,0,,,,,0.4375,False
EQX1047,Grader,CUST11,S002,2025-01-25,2025-02-15,2025-02-16,2025-02-15,2.7,3.6,22,OP216,False,,False,2,28,False,False,1,0.5714285714285714,0.45,21,1,0.3731343283582089,0.7000000000000001,0.3731343283582089,21.0,0.4869,False
EQX1047,Grader,CUST16,S003,2025-03-15,2025-04-11,2025-04-12,2025-04-11,5.1,1.4,28,OP215,False,,False,3,2,False,False,0,0.21538461538461537,0.85,27,2,0.47228144989339016,0.5750000000000001,0.5714285714285714,21.0,0.3259,False
EQX1047,Grader,CUST18,,2025-04-13,2025-04-29,2025-04-29,2025-04-29,3.4,9.4,16,,False,,False,4,6,True,False,0,0.734375,0.5666666666666667,16,3,0.38664917172379853,0.6666666666666666,0.21538461538461537,23.0,0.3404,False
EQX1047,Grader,CUST08,S005,2025-05-05,2025-06-02,2025-06-03,2025-06-02,2.5,3.3,29,OP259,False,,False,5,13,False,False,0,0.5689655172413793,0.4166666666666667,28,4,0.4735806287928489,0.6416666666666666,0.734375,21.25,0.3715,False
EQX1047,Grader,CUST02,S002,2025-06-15,2025-07-11,2025-07-12,2025-07-11,2.5,4.2,27,OP298,False,,False,6,19,False,False,1,0.6268656716417911,0.4166666666666667,26,5,0.492657606482555,0.5966666666666667,0.5689655172413793,22.6,0.4587,False
EQX1047,Grader,CUST03,S005,2025-07-30,2025-08-25,2025-08-26,2025-08-25,2.7,3.2,27,OP115,False,,False,7,47,False,False,1,0.5423728813559322,0.45,26,6,0.5150256173424277,0.5666666666666667,0.6268656716417911,23.166666666666668,0.4459,False
EQX1047,Grader,CUST07,S002,2025-10-11,2025-10-31,2025-11-01,2025-10-31,3.6,2.3,21,OP193,False,,False,8,9,False,False,0,0.38983050847457623,0.6,20,7,0.5189323693443569,0.55,0.5423728813559322,23.571428571428573,0.4012,False
EQX1047,Grader,CUST02,S001,2025-11-09,2025-12-06,2025-12-07,2025-12-06,3.2,3.2,28,OP206,False,,False,9,1,False,False,0,0.5,0.5333333333333333,27,8,0.5027946367356343,0.55625,0.38983050847457623,23.125,0.3605,False
EQX1047,Grader,CUST18,S001,2025-12-07,,2025-12-25,,2.0,3.4,18,OP226,True,True,False,10,22,True,True,,0.6296296296296295,0.3333333333333333,18,9,0.502484121542786,0.5537037037037037,0.5,23.555555555555557,0.323,False
EQX1048,Crane,CUST05,S003,2025-01-01,2025-01-26,2025-01-27,2025-01-26,2.9,2.1,26,OP138,False,,False,1,26,False,False,1,0.42000000000000004,0.58,25,0,,,,,0.4867,False
EQX1048,Crane,CUST18,S002,2025-02-21,2025-03-18,2025-03-18,2025-03-18,3.7,2.3,25,OP106,False,,False,2,1,False,False,0,0.3833333333333333,0.74,25,1,0.42000000000000004,0.58,0.42000000000000004,25.0,0.3198,False
EQX1048,Crane,CUST14,S001,2025-03-19,2025-04-05,2025-04-06,2025-04-05,2.8,2.5,18,OP274,False,,False,3,4,False,False,0,0.4716981132075472,0.5599999999999999,17,2,0.40166666666666667,0.6599999999999999,0.3833333333333333,25.0,0.3577,False
EQX1048,Crane,CUST15,S003,2025-04-09,2025-04-30,2025-04-30,2025-04-30,3.6,1.7,21,OP313,False,,False,4,37,False,False,1,0.32075471698113206,0.72,21,3,0.4250104821802935,0.6266666666666666,0.4716981132075472,22.333333333333332,0.4094,False
EQX1048,Crane,CUST09,S002,2025-06-06,2025-07-02,2025-07-02,2025-07-02,4.0,2.2,26,OP197,False,,False,5,5,False,False,0,0.3548387096774194,0.8,26,4,0.39894654088050313,0.6499999999999999,0.32075471698113206,22.0,0.3578,False
EQX1048,Crane,CUST12,S002,2025-07-07,2025-08-01,2025-08-01,2025-08-01,1.3,8.3,25,OP134,False,,False,6,4,True,False,0,0.8645833333333333,0.26,25,5,0.3901249746398864,0.6799999999999999,0.3548387096774194,22.8,0.3675,False
EQX1048,Crane,CUST16,S004,2025-08-05,,2025-09-01,,1.5,7.2,27,OP222,True,True,True,7,0,True,False,0,0.8275862068965518,0.3,27,6,0.4692013677554609,0.61,0.8645833333333333,23.166666666666668,0.3463,False
EQX1048,Crane,CUST07,S004,2025-09-01,2025-09-16,2025-09-16,2025-09-16,1.8,3.4,15,OP280,False,,False,8,2,False,False,0,0.6538461538461539,0.36,15,7,0.5203992019184739,0.5657142857142857,0.8275862068965518,23.714285714285715,0.317,False
EQX1048,Crane,CUST02,S002,2025-09-18,2025-10-04,2025-10-04,2025-10-04,3.5,1.8,16,OP277,False,,False,9,1,False,False,0,0.339622641509434,0.7,16,8,0.5370800709094339,0.54,0.6538461538461539,22.625,0.3161,False
EQX1048,Crane,CUST18,S006,2025-10-05,2025-10-18,2025-10-18,2025-10-18,3.2,1.8,13,OP144,False,,False,10,21,False,False,1,0.36,0.64,13,9,0.5151403565316561,0.5577777777777777,0.339622641509434,21.88888888888889,0.3783,False
EQX1048,Crane,CUST04,S005,2025-11-08,2025-11-24,2025-11-25,2025-11-24,2.8,2.8,17,OP154,False,,False,11,23,False,True,,0.5,0.5599999999999999,16,10,0.49962632087849046,0.5660000000000001,0.36,21.0,0.3436,False
EQX1049,Excavator,CUST01,S005,2025-01-01,2025-01-24,2025-01-24,2025-01-24,2.5,6.5,23,OP113,False,,False,1,21,False,False,1,0.7222222222222222,0.3125,23,0,,,,,0.5295,True
EQX1049,Excavator,CUST17,S001,2025-02-14,2025-03-15,2025-03-15,2025-03-15,2.7,5.9,29,OP173,False,,False,2,32,False,False,1,0.6860465116279069,0.3375,29,1,0.7222222222222222,0.3125,0.7222222222222222,23.0,0.68,True
EQX1049,Excavator,CUST14,,2025-04-16,2025-04-29,2025-04-29,2025-04-29,2.1,6.4,13,,False,,False,3,50,True,False,1,0.7529411764705882,0.2625,13,2,0.7041343669250646,0.325,0.6860465116279069,26.0,0.5873,True
EQX1049,Excavator,CUST05,S003,2025-06-18,,2025-07-05,,1.8,5.7,17,OP216,True,False,True,4,49,True,False,1,0.76,0.225,17,3,0.7204033034402392,0.3041666666666667,0.7529411764705882,21.666666666666668,0.7462,True
EQX1049,Excavator,CUST09,S004,2025-08-23,2025-09-03,2025-09-04,2025-09-03,2.0,6.8,12,OP180,False,,False,5,15,False,False,1,0.7727272727272726,0.25,11,4,0.7303024775801793,0.284375,0.76,20.5,0.7661,True
EQX1049,Excavator,CUST10,S005,2025-09-18,2025-09-30,2025-10-01,2025-09-30,1.3,7.3,13,OP244,False,,False,6,80,False,False,1,0.8488372093023256,0.1625,12,5,0.738787436609598,0.2775,0.7727272727272726,18.6,0.7571,True
EQX1049,Excavator,CUST15,S003,2025-12-19,2025-12-29,2025-12-29,2025-12-29,2.5,5.7,10,OP207,False,,False,7,66,False,True,,0.6951219512195123,0.3125,10,6,0.7571290653917192,0.25833333333333336,0.8488372093023256,17.5,0.7411,True
EQX1050,Excavator,CUST03,S002,2025-01-01,2025-01-29,2025-01-29,2025-01-29,2.0,6.3,28,OP324,False,,False,1,12,False,False,0,0.7590361445783131,0.25,28,0,,,,,0.5259,True
EQX1050,Excavator,CUST04,S005,2025-02-10,2025-03-03,2025-03-04,2025-03-03,2.3,6.8,22,OP217,False,,False,2,1,False,False,0,0.7472527472527473,0.2875,21,1,0.7590361445783131,0.25,0.7590361445783131,28.0,0.516,True
EQX1050,Excavator,CUST10,S006,2025-03-04,2025-03-20,2025-03-21,2025-03-20,4.0,4.6,17,OP307,False,,False,3,3,False,False,0,0.5348837209302325,0.5,16,2,0.7531444459155302,0.26875,0.7472527472527473,24.5,0.4896,False
EQX1050,Excavator,CUST14,S001,2025-03-23,2025-04-01,2025-04-02,2025-04-01,0.1,8.0,10,OP125,False,,False,4,26,False,False,1,0.9876543209876544,0.0125,9,3,0.6803908709204309,0.3458333333333334,0.5348837209302325,21.666666666666668,0.7073,True
EQX1050,Excavator,CUST12,S006,2025-04-27,2025-05-23,2025-05-24,2025-05-23,0.1,8.0,27,OP148,False,,False,5,0,False,False,0,0.9876543209876544,0.0125,26,4,0.7572067334372368,0.2625,0.9876543209876544,18.5,0.5395,True
EQX1050,Excavator,CUST02,S002,2025-05-23,2025-06-09,2025-06-09,2025-06-09,2.2,5.8,17,OP300,False,,False,6,54,False,False,1,0.725,0.275,17,5,0.8032962509473203,0.2125,0.9876543209876544,20.0,0.7068,True
EQX1050,Excavator,CUST14,S003,2025-08-02,2025-08-25,2025-08-26,2025-08-25,1.2,7.2,24,OP282,False,,False,7,63,False,False,1,0.8571428571428571,0.15,23,6,0.7902468757894336,0.22291666666666665,0.725,19.5,0.5846,True
EQX1050,Excavator,CUST18,S004,2025-10-27,2025-11-22,2025-11-22,2025-11-22,1.7,6.7,26,OP279,False,,False,8,11,False,False,0,0.7976190476190476,0.2125,26,7,0.7998034445542084,0.2125,0.8571428571428571,20.0,0.4836,False
EQX1050,Excavator,CUST11,S005,2025-12-03,2025-12-19,2025-12-20,2025-12-19,2.5,6.5,17,OP147,False,,False,9,4,False,True,,0.7222222222222222,0.3125,16,8,0.7995303949373133,0.2125,0.7976190476190476,20.75,0.7036,True
EQX1051,Excavator,CUST14,S006,2025-01-01,2025-01-29,2025-01-29,2025-01-29,2.6,5.3,28,OP109,False,,False,1,3,False,False,0,0.670886075949367,0.325,28,0,,,,,0.5077,True
EQX1051,Excavator,CUST01,S004,2025-02-01,2025-02-23,2025-02-23,2025-02-23,4.8,4.4,22,OP202,False,,False,2,33,False,False,1,0.47826086956521746,0.6,22,1,0.670886075949367,0.325,0.670886075949367,28.0,0.5965,True
EQX1051,Excavator,CUST02,S006,2025-03-28,2025-04-12,2025-04-13,2025-04-12,0.3,7.5,16,OP235,False,,False,3,7,False,False,0,0.9615384615384616,0.0375,15,2,0.5745734727572922,0.4625,0.47826086956521746,25.0,0.4552,False
EQX1051,Excavator,CUST04,S002,2025-04-19,2025-05-14,2025-05-15,2025-05-14,2.6,6.0,26,OP312,False,,False,4,19,False,False,1,0.6976744186046512,0.325,25,3,0.7035618023510154,0.3208333333333333,0.9615384615384616,21.666666666666668,0.6822,True
EQX1051,Excavator,CUST18,S006,2025-06-02,2025-06-29,2025-06-29,2025-06-29,1.4,7.2,27,OP266,False,,False,5,46,False,False,1,0.8372093023255814,0.175,27,4,0.7020899564144243,0.32187499999999997,0.6976744186046512,22.5,0.6596,True
EQX1051,Excavator,CUST12,,2025-08-14,2025-08-24,2025-08-24,2025-08-24,3.7,8.4,10,OP218,False,,False,6,22,True,False,1,0.6942148760330578,0.4625,10,5,0.7291138255966557,0.2925,0.8372093023255814,23.4,0.6969,True
EQX1051,Excavator,CUST07,S001,2025-09-15,2025-10-10,2025-10-10,2025-10-10,3.6,4.3,25,OP286,False,,False,7,11,False,False,0,0.5443037974683543,0.45,25,6,0.7232973340027228,0.3208333333333333,0.6942148760330578,21.166666666666668,0.5757,True
EQX1051,Excavator,CUST10,S002,2025-10-21,,2025-11-02,,2.7,4.9,12,OP124,True,True,True,8,18,True,False,1,0.6447368421052632,0.3375,12,7,0.6977268287835273,0.3392857142857143,0.5443037974683543,21.714285714285715,0.6235,True
EQX1051,Excavator,CUST01,S005,2025-11-20,2025-12-05,2025-12-05,2025-12-05,1.9,6.1,15,OP101,False,,False,9,19,False,True,,0.7625,0.2375,15,8,0.6911030804487442,0.3390625,0.6447368421052632,20.5,0.5796,True
EQX1052,Crane,CUST04,S001,2025-01-01,2025-01-15,2025-01-16,2025-01-15,2.1,2.9,15,OP274,False,,False,1,3,False,False,0,0.58,0.42000000000000004,14,0,,,,,0.4405,False
EQX1052,Crane,CUST12,S002,2025-01-18,2025-01-29,2025-01-30,2025-01-29,2.6,2.6,12,OP152,False,,False,2,8,False,False,0,0.5,0.52,11,1,0.58,0.42000000000000004,0.58,14.0,0.423,False
EQX1052,Crane,CUST03,S002,2025-02-06,2025-02-27,2025-02-27,2025-02-27,2.0,3.2,21,OP203,False,,False,3,57,False,False,1,0.6153846153846154,0.4,21,2,0.54,0.47000000000000003,0.5,12.5,0.5477,True
EQX1052,Crane,CUST12,S006,2025-04-25,2025-05-21,2025-05-21,2025-05-21,2.3,3.0,26,OP287,False,,False,4,6,False,False,0,0.5660377358490566,0.45999999999999996,26,3,0.5651282051282052,0.4466666666666667,0.6153846153846154,15.333333333333334,0.4598,False
EQX1052,Crane,CUST14,S002,2025-05-27,2025-06-10,2025-06-10,2025-06-10,2.3,2.7,14,OP242,False,,False,5,13,False,False,0,0.54,0.45999999999999996,14,4,0.565355587808418,0.45,0.5660377358490566,18.0,0.4069,False
EQX1052,Crane,CUST11,S004,2025-06-23,2025-07-20,2025-07-21,2025-07-20,2.7,2.5,28,OP125,False,,False,6,40,False,False,1,0.4807692307692307,0.54,27,5,0.5602844702467344,0.45199999999999996,0.54,17.2,0.5262,True
EQX1052,Crane,CUST13,S003,2025-08-29,2025-09-13,2025-09-14,2025-09-13,2.0,2.8,16,OP243,False,,False,7,7,False,False,0,0.5833333333333334,0.4,15,6,0.5470319303338171,0.4666666666666666,0.4807692307692307,18.833333333333332,0.3654,False
EQX1052,Crane,CUST01,S004,2025-09-20,2025-10-09,2025-10-10,2025-10-09,2.1,3.6,20,OP108,False,,False,8,58,False,False,1,0.631578947368421,0.42000000000000004,19,7,0.5522178450480337,0.4571428571428572,0.5833333333333334,18.285714285714285,0.5102,True
EQX1052,Crane,CUST13,S002,2025-12-06,2025-12-29,2025-12-29,2025-12-29,1.7,3.9,23,OP208,False,,False,9,56,False,True,,0.6964285714285715,0.33999999999999997,23,8,0.5621379828380821,0.4525,0.631578947368421,18.375,0.4821,False
EQX1053,Crane,CUST10,S004,2025-01-01,,2025-01-29,,4.9,4.9,28,OP103,True,True,True,1,6,True,False,0,0.5,0.9800000000000001,28,0,,,,,0.3922,False
EQX1053,Crane,CUST18,S003,2025-02-04,2025-02-23,2025-02-24,2025-02-23,2.5,2.9,20,OP262,False,,False,2,1,False,False,0,0.537037037037037,0.5,19,1,0.5,0.9800000000000001,0.5,28.0,0.3098,False
EQX1053,Crane,CUST18,S004,2025-02-24,2025-03-24,2025-03-24,2025-03-24,3.0,2.3,28,OP269,False,,False,3,24,False,False,1,0.43396226415094336,0.6,28,2,0.5185185185185185,0.74,0.537037037037037,23.5,0.4968,False
EQX1053,Crane,CUST14,S002,2025-04-17,2025-04-26,2025-04-27,2025-04-26,2.7,2.7,10,OP266,False,,False,4,10,False,False,0,0.5,0.54,9,3,0.4903331003959934,0.6933333333333334,0.43396226415094336,25.0,0.3096,False
EQX1053,Crane,CUST02,S001,2025-05-06,2025-05-18,2025-05-18,2025-05-18,4.5,0.8,12,OP315,False,,False,5,7,False,False,0,0.15094339622641512,0.9,12,4,0.49274982529699507,0.655,0.5,21.0,0.2108,False
EQX1053,Crane,CUST16,S001,2025-05-25,2025-06-17,2025-06-18,2025-06-17,4.0,1.8,24,OP210,False,,False,6,17,False,False,1,0.3103448275862069,0.8,23,5,0.4243885394828791,0.704,0.15094339622641512,19.2,0.4545,False
EQX1053,Crane,CUST17,S006,2025-07-04,2025-07-30,2025-07-31,2025-07-30,3.5,2.3,27,OP213,False,,False,7,21,False,False,1,0.396551724137931,0.7,26,6,0.405381254166767,0.7200000000000001,0.3103448275862069,19.833333333333332,0.4473,False
EQX1053,Crane,CUST15,S004,2025-08-20,2025-09-08,2025-09-09,2025-09-08,2.9,2.9,20,OP115,False,,False,8,2,False,False,0,0.5,0.58,19,7,0.40411989273407617,0.7171428571428572,0.396551724137931,20.714285714285715,0.4355,False
EQX1053,Crane,CUST04,S004,2025-09-10,2025-10-04,2025-10-05,2025-10-04,2.9,2.9,25,OP311,False,,False,9,53,False,False,1,0.5,0.58,24,8,0.41610490614231666,0.7,0.5,20.5,0.5123,True
EQX1053,Crane,CUST10,S001,2025-11-26,2025-12-07,2025-12-07,2025-12-07,2.9,2.2,11,OP304,False,,False,10,8,False,False,0,0.4313725490196079,0.58,11,9,0.4254265832376148,0.6866666666666666,0.5,20.88888888888889,0.397,False
EQX1053,Crane,CUST01,S004,2025-12-15,2025-12-29,2025-12-30,2025-12-29,3.1,2.5,15,OP212,False,,False,11,0,False,True,,0.44642857142857145,0.62,14,10,0.4260211798158141,0.6759999999999999,0.4313725490196079,19.9,0.3916,False
EQX1054,Grader,CUST10,S006,2025-01-01,2025-01-28,2025-01-28,2025-01-28,0.1,6.9,27,OP156,False,,False,1,15,False,False,1,0.9857142857142858,0.016666666666666666,27,0,,,,,0.7129,True
EQX1054,Grader,CUST06,S006,2025-02-12,2025-03-13,2025-03-13,2025-03-13,0.0,10.3,29,OP124,False,,False,2,38,True,False,1,1.0,0.0,29,1,0.9857142857142858,0.016666666666666666,0.9857142857142858,27.0,0.5271,True
EQX1054,Grader,CUST01,S001,2025-04-20,2025-05-15,2025-05-16,2025-05-15,3.5,2.4,26,OP230,False,,False,3,2,False,False,0,0.4067796610169491,0.5833333333333334,25,2,0.9928571428571429,0.008333333333333333,1.0,28.0,0.4179,False
EQX1054,Grader,CUST02,S005,2025-05-17,2025-06-15,2025-06-15,2025-06-15,1.6,4.8,29,OP283,False,,False,4,0,False,False,0,0.7499999999999999,0.26666666666666666,29,3,0.7974979822437449,0.20000000000000004,0.4067796610169491,27.0,0.3569,False
EQX1054,Grader,CUST02,S003,2025-06-15,2025-07-08,2025-07-08,2025-07-08,3.0,3.4,23,OP310,False,,False,5,26,False,False,1,0.53125,0.5,23,4,0.7856234866828087,0.21666666666666667,0.7499999999999999,27.5,0.5243,True
EQX1054,Grader,CUST17,S005,2025-08-03,2025-08-29,2025-08-30,2025-08-29,2.0,4.6,27,OP266,False,,False,6,1,False,False,0,0.6969696969696969,0.3333333333333333,26,5,0.734748789346247,0.2733333333333333,0.53125,26.6,0.3488,False
EQX1054,Grader,CUST05,S006,2025-08-30,,2025-09-25,,3.2,6.5,26,OP303,True,True,True,7,103,True,True,,0.6701030927835052,0.5333333333333333,26,6,0.7284522739501553,0.2833333333333333,0.6969696969696969,26.5,0.4571,False
EQX1055,Grader,CUST01,S005,2025-01-01,2025-01-26,2025-01-26,2025-01-26,5.0,1.2,25,OP276,False,,False,1,0,False,False,0,0.1935483870967742,0.8333333333333334,25,0,,,,,0.391,False
EQX1055,Grader,CUST18,S003,2025-01-26,2025-02-22,2025-02-22,2025-02-22,5.2,1.7,27,OP266,False,,False,2,2,False,False,0,0.24637681159420288,0.8666666666666667,27,1,0.1935483870967742,0.8333333333333334,0.1935483870967742,25.0,0.2458,False
EQX1055,Grader,CUST06,S003,2025-02-24,2025-03-22,2025-03-23,2025-03-22,5.3,2.1,27,OP236,False,,False,3,2,False,False,0,0.28378378378378377,0.8833333333333333,26,2,0.21996259934548854,0.8500000000000001,0.24637681159420288,26.0,0.2463,False
EQX1055,Grader,CUST11,S006,2025-03-24,2025-04-08,2025-04-08,2025-04-08,0.6,8.2,15,OP249,False,,False,4,2,True,False,0,0.9318181818181819,0.09999999999999999,15,3,0.24123632749158697,0.8611111111111112,0.28378378378378377,26.0,0.357,False
EQX1055,Grader,CUST12,S002,2025-04-10,,2025-05-04,,4.9,5.1,24,OP232,True,True,True,5,4,True,False,0,0.51,0.8166666666666668,24,4,0.4138817910732357,0.6708333333333334,0.9318181818181819,23.25,0.3324,False
EQX1055,Grader,CUST17,S004,2025-05-08,2025-05-31,2025-05-31,2025-05-31,4.5,1.7,23,OP170,False,,False,6,0,False,False,0,0.27419354838709675,0.75,23,5,0.43310543285858855,0.7,0.51,23.4,0.3136,False
EQX1055,Grader,CUST06,S005,2025-05-31,2025-06-15,2025-06-15,2025-06-15,5.9,0.3,15,OP157,False,,False,7,6,False,False,0,0.04838709677419355,0.9833333333333334,15,6,0.40662011878000665,0.7083333333333334,0.27419354838709675,23.333333333333332,0.1794,False
EQX1055,Grader,CUST03,S005,2025-06-21,2025-07-09,2025-07-10,2025-07-09,5.8,0.9,19,OP175,False,,False,8,6,False,False,0,0.13432835820895522,0.9666666666666667,18,7,0.35544397277917616,0.7476190476190476,0.04838709677419355,22.142857142857142,0.2161,False
EQX1055,Grader,CUST06,S003,2025-07-15,2025-08-08,2025-08-08,2025-08-08,1.1,9.6,24,OP168,False,,False,9,16,True,False,1,0.897196261682243,0.18333333333333335,24,8,0.3278045209578985,0.775,0.13432835820895522,21.625,0.5296,True
EQX1055,Grader,CUST03,S004,2025-08-24,2025-09-04,2025-09-04,2025-09-04,5.9,1.3,11,OP200,False,,False,10,2,False,False,0,0.18055555555555555,0.9833333333333334,11,9,0.3910702699272701,0.7092592592592593,0.897196261682243,21.88888888888889,0.242,False
EQX1055,Grader,CUST17,S004,2025-09-06,2025-09-27,2025-09-28,2025-09-27,4.2,2.3,22,OP198,False,,False,11,10,False,False,0,0.3538461538461538,0.7000000000000001,21,10,0.37001879849009867,0.7366666666666667,0.18055555555555555,20.8,0.317,False
EQX1055,Grader,CUST15,S003,2025-10-07,2025-11-02,2025-11-03,2025-11-02,5.7,0.8,27,OP282,False,,False,12,3,False,False,0,0.12307692307692308,0.9500000000000001,26,11,0.36854855806792186,0.7333333333333333,0.3538461538461538,20.818181818181817,0.2282,False
EQX1055,Grader,CUST13,S003,2025-11-05,2025-11-20,2025-11-20,2025-11-20,4.9,1.5,15,OP102,False,,False,13,6,False,False,0,0.234375,0.8166666666666668,15,12,0.3480925884853387,0.751388888888889,0.12307692307692308,21.25,0.1561,False
EQX1055,Grader,CUST03,S003,2025-11-26,2025-12-11,2025-12-11,2025-12-11,5.4,0.6,15,OP170,False,,False,14,1,False,True,,0.09999999999999999,0.9,15,13,0.33934508167877414,0.7564102564102565,0.234375,20.76923076923077,0.2142,False
EQX1056,Bulldozer,CUST15,S004,2025-01-01,2025-01-27,2025-01-27,2025-01-27,1.7,6.9,26,OP212,False,,False,1,0,False,False,0,0.8023255813953489,0.2125,26,0,,,,,0.5544,True
EQX1056,Bulldozer,CUST06,S006,2025-01-27,2025-02-22,2025-02-23,2025-02-22,0.6,8.4,27,OP216,False,,False,2,2,False,False,0,0.9333333333333333,0.075,26,1,0.8023255813953489,0.2125,0.8023255813953489,26.0,0.5262,True
EQX1056,Bulldozer,CUST06,S003,2025-02-24,2025-03-23,2025-03-23,2025-03-23,0.8,7.3,27,OP197,False,,False,3,52,False,False,1,0.9012345679012346,0.1,27,2,0.8678294573643411,0.14375,0.9333333333333333,26.0,0.5586,True
EQX1056,Bulldozer,CUST13,S004,2025-05-14,2025-06-04,2025-06-05,2025-06-04,0.3,8.6,22,OP123,False,,False,4,12,False,False,0,0.9662921348314606,0.0375,21,3,0.8789644942099724,0.12916666666666668,0.9012345679012346,26.333333333333332,0.4269,False
EQX1056,Bulldozer,CUST02,S005,2025-06-16,2025-07-05,2025-07-05,2025-07-05,2.6,6.4,19,OP242,False,,False,5,4,False,False,0,0.7111111111111111,0.325,19,4,0.9007964043653444,0.10625,0.9662921348314606,25.0,0.4672,False
EQX1056,Bulldozer,CUST07,S004,2025-07-09,2025-07-24,2025-07-24,2025-07-24,3.5,5.8,15,OP225,False,,False,6,1,False,False,0,0.6236559139784945,0.4375,15,5,0.8628593457144976,0.15,0.7111111111111111,23.8,0.5421,True
EQX1056,Bulldozer,CUST11,S002,2025-07-25,2025-08-15,2025-08-16,2025-08-15,1.3,10.4,22,OP222,False,,False,7,2,True,False,0,0.8888888888888888,0.1625,21,6,0.8229921070918306,0.19791666666666666,0.6236559139784945,22.333333333333332,0.5035,True
EQX1056,Bulldozer,CUST12,S005,2025-08-17,2025-09-12,2025-09-12,2025-09-12,3.0,5.8,26,OP291,False,,False,8,8,False,False,0,0.6590909090909091,0.375,26,7,0.8324059330628388,0.19285714285714287,0.8888888888888888,22.142857142857142,0.4956,False
EQX1056,Bulldozer,CUST04,S006,2025-09-20,2025-10-01,2025-10-01,2025-10-01,1.3,7.2,11,OP184,False,,False,9,32,False,False,1,0.8470588235294118,0.1625,11,8,0.8107415550663476,0.215625,0.6590909090909091,22.625,0.7013,True
EQX1056,Bulldozer,CUST12,S002,2025-11-02,2025-11-17,2025-11-18,2025-11-17,0.0,8.0,16,OP171,False,,False,10,32,False,True,,1.0,0.0,15,9,0.8147768071177992,0.20972222222222223,0.8470588235294118,21.333333333333332,0.7307,True
EQX1057,Bulldozer,CUST11,S001,2025-01-01,2025-01-24,2025-01-24,2025-01-24,2.6,5.6,23,OP216,False,,False,1,22,False,False,1,0.6829268292682927,0.325,23,0,,,,,0.5209,True
EQX1057,Bulldozer,CUST18,S001,2025-02-15,2025-03-07,2025-03-07,2025-03-07,0.0,12.0,20,OP192,False,,False,2,50,True,False,1,1.0,0.0,20,1,0.6829268292682927,0.325,0.6829268292682927,23.0,0.709,True
EQX1057,Bulldozer,CUST13,S006,2025-04-26,2025-05-06,2025-05-07,2025-05-06,0.9,7.4,11,OP136,False,,False,3,20,False,False,1,0.891566265060241,0.1125,10,2,0.8414634146341464,0.1625,1.0,21.5,0.7227,True
EQX1057,Bulldozer,CUST14,S005,2025-05-26,2025-06-15,2025-06-15,2025-06-15,0.6,8.5,20,OP324,False,,False,4,55,False,False,1,0.9340659340659341,0.075,20,3,0.858164364776178,0.14583333333333334,0.891566265060241,17.666666666666668,0.7138,True
EQX1057,Bulldozer,CUST10,S004,2025-08-09,2025-08-20,2025-08-21,2025-08-20,1.6,10.5,12,OP204,False,,False,5,17,True,False,1,0.8677685950413223,0.2,11,4,0.877139757098617,0.128125,0.9340659340659341,18.25,0.7097,True
EQX1057,Bulldozer,CUST03,S006,2025-09-06,2025-09-22,2025-09-22,2025-09-22,1.3,6.9,16,OP224,False,,False,6,27,False,False,1,0.8414634146341463,0.1625,16,5,0.875265524687158,0.14250000000000002,0.8677685950413223,16.8,0.7009,True
EQX1057,Bulldozer,CUST07,S004,2025-10-19,2025-10-29,2025-10-29,2025-10-29,3.2,5.2,10,OP164,False,,False,7,1,False,False,0,0.6190476190476191,0.4,10,6,0.8696318396783228,0.14583333333333334,0.8414634146341463,16.666666666666668,0.7286,True
EQX1057,Bulldozer,CUST13,S001,2025-10-30,2025-11-10,2025-11-11,2025-11-10,1.5,7.5,12,OP123,False,,False,8,25,False,False,1,0.8333333333333334,0.1875,11,7,0.8338340938739365,0.18214285714285713,0.6190476190476191,15.714285714285714,0.7563,True
EQX1057,Bulldozer,CUST15,S001,2025-12-05,2025-12-25,2025-12-26,2025-12-25,1.5,7.4,21,OP325,False,,False,9,8,False,True,,0.8314606741573034,0.1875,20,8,0.8337714988063611,0.1828125,0.8333333333333334,15.125,0.7038,True
EQX1058,Crane,CUST17,S002,2025-01-01,2025-01-13,2025-01-13,2025-01-13,2.0,3.5,12,OP260,False,,False,1,17,False,False,1,0.6363636363636364,0.4,12,0,,,,,0.4789,False
EQX1058,Crane,CUST04,S004,2025-01-30,2025-02-14,2025-02-15,2025-02-14,0.0,4.8,16,OP176,False,,False,2,45,False,False,1,1.0,0.0,15,1,0.6363636363636364,0.4,0.6363636363636364,12.0,0.6767,True
EQX1058,Crane,CUST11,S005,2025-03-31,2025-04-25,2025-04-26,2025-04-25,0.1,4.8,26,OP215,False,,False,3,3,False,False,0,0.979591836734694,0.02,25,2,0.8181818181818181,0.2,1.0,13.5,0.5517,True
EQX1058,Crane,CUST18,S006,2025-04-28,2025-05-21,2025-05-21,2025-05-21,0.0,5.5,23,OP165,False,,False,4,24,False,False,1,1.0,0.0,23,3,0.8719851576994434,0.14,0.979591836734694,17.333333333333332,0.6632,True
EQX1058,Crane,CUST09,S006,2025-06-14,2025-06-27,2025-06-27,2025-06-27,1.4,4.7,13,OP148,False,,False,5,33,False,False,1,0.7704918032786886,0.27999999999999997,13,4,0.9039888682745826,0.10500000000000001,1.0,18.75,0.7264,True
EQX1058,Crane,CUST15,S003,2025-07-30,2025-08-13,2025-08-14,2025-08-13,0.8,4.6,15,OP311,False,,False,6,2,False,False,0,0.8518518518518519,0.16,14,5,0.8772894552754037,0.13999999999999999,0.7704918032786886,17.6,0.6399,True
EQX1058,Crane,CUST05,S001,2025-08-15,2025-09-02,2025-09-02,2025-09-02,1.4,4.3,18,OP205,False,,False,7,18,False,False,1,0.7543859649122807,0.27999999999999997,18,6,0.8730498547048118,0.14333333333333334,0.8518518518518519,17.0,0.746,True
EQX1058,Crane,CUST18,S001,2025-09-20,2025-10-17,2025-10-18,2025-10-17,0.2,5.0,28,OP161,False,,False,8,28,False,False,1,0.9615384615384615,0.04,27,7,0.856097870448736,0.16285714285714287,0.7543859649122807,17.142857142857142,0.665,True
EQX1058,Crane,CUST17,S004,2025-11-14,2025-12-11,2025-12-12,2025-12-11,1.7,3.8,28,OP307,False,,False,9,25,False,True,,0.6909090909090909,0.33999999999999997,27,8,0.8692779443349516,0.1475,0.9615384615384615,18.375,0.5726,True
EQX1059,Crane,CUST05,S004,2025-01-01,2025-01-25,2025-01-26,2025-01-25,1.7,5.4,25,OP197,False,,False,1,38,True,False,1,0.7605633802816901,0.33999999999999997,24,0,,,,,0.5427,True
EQX1059,Crane,CUST09,S002,2025-03-04,2025-04-02,2025-04-02,2025-04-02,0.3,4.8,29,OP229,False,,False,2,43,False,False,1,0.9411764705882353,0.06,29,1,0.7605633802816901,0.33999999999999997,0.7605633802816901,24.0,0.6684,True
EQX1059,Crane,CUST09,S002,2025-05-15,2025-05-26,2025-05-27,2025-05-26,1.7,3.4,12,OP288,False,,False,3,1,False,False,0,0.6666666666666667,0.33999999999999997,11,2,0.8508699254349628,0.19999999999999998,0.9411764705882353,26.5,0.5147,True
EQX1059,Crane,CUST10,S003,2025-05-27,2025-06-13,2025-06-13,2025-06-13,1.4,3.6,17,OP226,False,,False,4,141,False,False,1,0.72,0.27999999999999997,17,3,0.789468839178864,0.24666666666666667,0.6666666666666667,21.333333333333332,0.6949,True
EQX1059,Crane,CUST06,S003,2025-11-01,2025-11-21,2025-11-22,2025-11-21,2.7,2.8,21,OP287,False,,False,5,2,False,False,0,0.509090909090909,0.54,20,4,0.7721016293841481,0.255,0.72,20.25,0.649,True
EQX1059,Crane,CUST14,S004,2025-11-23,2025-12-08,2025-12-08,2025-12-08,0.0,5.0,15,OP121,False,,False,6,54,False,True,,1.0,0.0,15,5,0.7194994853255002,0.312,0.509090909090909,20.2,0.6279,True
EQX1060,Bulldozer,CUST08,S002,2025-01-01,2025-01-20,2025-01-20,2025-01-20,2.5,6.2,19,OP126,False,,False,1,6,False,False,0,0.7126436781609197,0.3125,19,0,,,,,0.5306,True
EQX1060,Bulldozer,CUST07,S002,2025-01-26,2025-02-08,2025-02-09,2025-02-08,2.3,6.7,14,OP195,False,,False,2,7,False,False,0,0.7444444444444445,0.2875,13,1,0.7126436781609197,0.3125,0.7126436781609197,19.0,0.6436,True
EQX1060,Bulldozer,CUST13,S004,2025-02-15,2025-03-07,2025-03-07,2025-03-07,0.0,9.8,20,OP260,False,,False,3,10,True,False,0,1.0,0.0,20,2,0.7285440613026821,0.3,0.7444444444444445,16.0,0.7195,True
EQX1060,Bulldozer,CUST07,S001,2025-03-17,2025-04-04,2025-04-04,2025-04-04,0.0,12.7,18,OP253,False,,False,4,14,True,False,1,1.0,0.0,18,3,0.8190293742017881,0.19999999999999998,1.0,17.333333333333332,0.7621,True
EQX1060,Bulldozer,CUST18,S003,2025-04-18,2025-05-07,2025-05-07,2025-05-07,0.7,8.0,19,OP268,False,,False,5,18,False,False,1,0.9195402298850576,0.0875,19,4,0.8642720306513411,0.15,1.0,17.5,0.7366,True
EQX1060,Bulldozer,CUST03,S006,2025-05-25,2025-06-20,2025-06-21,2025-06-20,1.6,6.9,27,OP121,False,,False,6,4,False,False,0,0.8117647058823529,0.2,26,5,0.8753256704980844,0.1375,0.9195402298850576,17.8,0.5023,True
EQX1060,Bulldozer,CUST09,S004,2025-06-24,2025-07-21,2025-07-21,2025-07-21,2.2,6.5,27,OP229,False,,False,7,30,False,False,1,0.7471264367816093,0.275,27,6,0.8647321763954624,0.14791666666666667,0.8117647058823529,19.166666666666668,0.5967,True
EQX1060,Bulldozer,CUST18,S001,2025-08-20,2025-09-18,2025-09-18,2025-09-18,2.0,6.3,29,OP215,False,,False,8,0,False,False,0,0.7590361445783131,0.25,29,7,0.8479313564506263,0.1660714285714286,0.7471264367816093,20.285714285714285,0.5531,True
EQX1060,Bulldozer,CUST18,S004,2025-09-18,,2025-10-08,,5.0,4.9,20,OP176,True,True,True,9,28,True,False,1,0.494949494949495,0.625,20,8,0.8368194549665872,0.1765625,0.7590361445783131,21.375,0.6949,True
EQX1060,Bulldozer,CUST14,S005,2025-11-05,2025-11-27,2025-11-27,2025-11-27,1.2,5.1,22,OP262,False,,False,10,10,True,True,,0.8095238095238095,0.15,22,9,0.7988339038535769,0.2263888888888889,0.494949494949495,21.22222222222222,0.4812,False
EQX1061,Crane,CUST01,S005,2025-01-01,2025-01-28,2025-01-29,2025-01-28,4.0,2.3,28,OP126,False,,False,1,30,False,False,1,0.36507936507936506,0.8,27,0,,,,,0.464,False
EQX1061,Crane,CUST12,S004,2025-02-27,2025-03-13,2025-03-13,2025-03-13,5.2,0.5,14,OP293,False,,False,2,0,False,False,0,0.08771929824561403,1.04,14,1,0.36507936507936506,0.8,0.36507936507936506,27.0,0.1939,False
EQX1061,Crane,CUST17,S002,2025-03-13,2025-04-10,2025-04-11,2025-04-10,3.9,1.7,29,OP315,False,,False,3,13,False,False,0,0.3035714285714286,0.78,28,2,0.22639933166248954,0.92,0.08771929824561403,20.5,0.3508,False
EQX1061,Crane,CUST03,S002,2025-04-23,2025-05-14,2025-05-14,2025-05-14,4.1,2.3,21,OP202,False,,False,4,18,False,False,1,0.359375,0.82,21,3,0.25212336396546925,0.8733333333333334,0.3035714285714286,23.0,0.4021,False
EQX1061,Crane,CUST18,S001,2025-06-01,2025-06-25,2025-06-26,2025-06-25,4.4,1.5,25,OP229,False,,False,5,10,False,False,0,0.2542372881355932,0.8800000000000001,24,4,0.27893627297410195,0.86,0.359375,22.5,0.2783,False
EQX1061,Crane,CUST03,S004,2025-07-05,2025-07-16,2025-07-16,2025-07-16,3.0,2.5,11,OP193,False,,False,6,42,False,False,1,0.45454545454545453,0.6,11,5,0.27399647600640015,0.8640000000000001,0.2542372881355932,22.8,0.4367,False
EQX1061,Crane,CUST05,S006,2025-08-27,2025-09-08,2025-09-08,2025-09-08,2.9,2.8,12,OP260,False,,False,7,1,False,False,0,0.4912280701754386,0.58,12,6,0.3040879724295759,0.82,0.45454545454545453,20.833333333333332,0.3985,False
EQX1061,Crane,CUST16,S004,2025-09-09,2025-09-21,2025-09-21,2025-09-21,0.0,11.5,12,OP236,False,,False,8,17,True,False,1,1.0,0.0,12,7,0.3308222721075563,0.7857142857142857,0.4912280701754386,19.571428571428573,0.5177,True
EQX1061,Crane,CUST04,S001,2025-10-08,2025-10-22,2025-10-23,2025-10-22,4.0,2.1,15,OP162,False,,False,9,5,False,False,0,0.34426229508196726,0.8,14,8,0.41446948809411177,0.6875,1.0,18.625,0.2614,False
EQX1061,Crane,CUST05,S004,2025-10-27,2025-11-14,2025-11-14,2025-11-14,4.0,1.1,18,OP154,False,,False,10,30,False,True,,0.21568627450980396,0.8,18,9,0.4066686888705402,0.7,0.34426229508196726,18.11111111111111,0.375,False
EQX1062,Grader,CUST14,S001,2025-01-01,2025-01-22,2025-01-22,2025-01-22,5.7,1.5,21,OP117,False,,False,1,9,False,False,0,0.20833333333333331,0.9500000000000001,21,0,,,,,0.358,False
EQX1062,Grader,CUST02,S004,2025-01-31,2025-02-11,2025-02-12,2025-02-11,4.0,2.1,12,OP252,False,,False,2,0,False,False,0,0.34426229508196726,0.6666666666666666,11,1,0.20833333333333331,0.9500000000000001,0.20833333333333331,21.0,0.2834,False
EQX1062,Grader,CUST16,S003,2025-02-11,2025-03-03,2025-03-04,2025-03-03,4.6,2.3,21,OP115,False,,False,3,3,False,False,0,0.3333333333333333,0.7666666666666666,20,2,0.2762978142076503,0.8083333333333333,0.34426229508196726,16.0,0.3221,False
EQX1062,Grader,CUST09,S006,2025-03-06,2025-03-20,2025-03-21,2025-03-20,4.4,1.8,15,OP315,False,,False,4,13,False,False,0,0.2903225806451613,0.7333333333333334,14,3,0.2953096539162113,0.7944444444444444,0.3333333333333333,17.333333333333332,0.2524,False
EQX1062,Grader,CUST05,S006,2025-04-02,2025-04-26,2025-04-26,2025-04-26,0.0,12.3,24,OP144,False,,False,5,2,True,False,0,1.0,0.0,24,4,0.2940628855984488,0.7791666666666667,0.2903225806451613,16.5,0.48,False
EQX1062,Grader,CUST10,S001,2025-04-28,,2025-05-17,,1.5,5.9,19,OP241,True,True,True,6,4,True,False,0,0.7972972972972973,0.25,19,5,0.43525030847875906,0.6233333333333333,1.0,18.0,0.3556,False
EQX1062,Grader,CUST18,S006,2025-05-21,2025-06-18,2025-06-18,2025-06-18,3.9,2.1,28,OP245,False,,False,7,8,False,False,0,0.35000000000000003,0.65,28,6,0.4955914732818487,0.5611111111111111,0.7972972972972973,18.166666666666668,0.3373,False
EQX1062,Grader,CUST03,S003,2025-06-26,2025-07-22,2025-07-22,2025-07-22,5.4,0.8,26,OP290,False,,False,8,2,False,False,0,0.12903225806451613,0.9,26,7,0.47479269138444175,0.5738095238095238,0.35000000000000003,19.571428571428573,0.2465,False
EQX1062,Grader,CUST18,S003,2025-07-24,2025-08-08,2025-08-09,2025-08-08,5.2,1.6,16,OP253,False,,False,9,20,False,False,1,0.23529411764705882,0.8666666666666667,15,8,0.43157263721945105,0.6145833333333334,0.12903225806451613,20.375,0.3531,False
EQX1062,Grader,CUST11,S004,2025-08-28,2025-09-09,2025-09-09,2025-09-09,4.0,2.5,12,OP293,False,,False,10,31,False,False,1,0.38461538461538464,0.6666666666666666,12,9,0.40976391282251856,0.6425925925925926,0.23529411764705882,19.77777777777778,0.4205,False
EQX1062,Grader,CUST12,S004,2025-10-10,,2025-10-21,,3.7,4.0,11,OP166,True,True,True,11,58,True,False,1,0.5194805194805194,0.6166666666666667,11,10,0.4072490600018052,0.645,0.38461538461538464,19.0,0.4423,False
EQX1062,Grader,CUST16,S006,2025-12-18,2025-12-30,2025-12-31,2025-12-30,4.6,1.5,13,OP248,False,,False,12,7,False,True,,0.24590163934426232,0.7666666666666666,12,11,0.4174519199544156,0.6424242424242425,0.5194805194805194,18.272727272727273,0.262,False
EQX1063,Excavator,CUST08,S003,2025-01-01,2025-01-26,2025-01-27,2025-01-26,7.7,0.2,26,OP180,False,,False,1,7,False,False,0,0.02531645569620253,0.9625,25,0,,,,,0.3487,False
EQX1063,Excavator,CUST17,S006,2025-02-02,2025-02-18,2025-02-19,2025-02-18,7.5,0.4,17,OP255,False,,False,2,2,False,False,0,0.05063291139240506,0.9375,16,1,0.02531645569620253,0.9625,0.02531645569620253,25.0,0.2051,False
EQX1063,Excavator,CUST05,S006,2025-02-20,2025-03-20,2025-03-21,2025-03-20,0.0,9.6,29,OP133,False,,False,3,15,True,False,1,1.0,0.0,28,2,0.0379746835443038,0.95,0.05063291139240506,20.5,0.6654,True
EQX1063,Excavator,CUST11,S004,2025-04-04,2025-04-13,2025-04-14,2025-04-13,4.8,4.4,10,OP223,False,,False,4,3,False,False,0,0.47826086956521746,0.6,9,3,0.35864978902953587,0.6333333333333333,1.0,23.0,0.3278,False
EQX1063,Excavator,CUST08,S002,2025-04-16,2025-04-28,2025-04-28,2025-04-28,6.6,2.0,12,OP217,False,,False,5,1,False,False,0,0.23255813953488372,0.825,12,4,0.38855255916345627,0.625,0.47826086956521746,19.5,0.2603,False
EQX1063,Excavator,CUST07,S002,2025-04-29,2025-05-23,2025-05-24,2025-05-23,7.9,0.0,25,OP284,False,,False,6,25,False,False,1,0.0,0.9875,24,5,0.35735367523774175,0.665,0.23255813953488372,18.0,0.4758,False
EQX1063,Excavator,CUST10,S002,2025-06-17,2025-07-03,2025-07-04,2025-07-03,6.6,2.4,17,OP207,False,,False,7,3,False,False,0,0.26666666666666666,0.825,16,6,0.2977947293647848,0.71875,0.0,19.0,0.2005,False
EQX1063,Excavator,CUST16,S004,2025-07-06,2025-07-24,2025-07-24,2025-07-24,5.0,3.5,18,OP238,False,,False,8,4,False,False,0,0.4117647058823529,0.625,18,7,0.29334786326505363,0.7339285714285715,0.26666666666666666,18.571428571428573,0.3504,False
EQX1063,Excavator,CUST09,,2025-07-28,2025-08-21,2025-08-21,2025-08-21,4.5,7.0,24,,False,,False,9,0,True,False,0,0.6086956521739131,0.5625,24,8,0.30814996859221605,0.7203125,0.4117647058823529,18.5,0.369,False
EQX1063,Excavator,CUST15,S006,2025-08-21,2025-09-16,2025-09-17,2025-09-16,7.4,0.8,27,OP260,False,,False,10,19,False,False,1,0.09756097560975609,0.925,26,9,0.34154393343462686,0.7027777777777778,0.6086956521739131,19.11111111111111,0.3761,False
EQX1063,Excavator,CUST12,S006,2025-10-05,2025-10-16,2025-10-16,2025-10-16,5.4,3.1,11,OP105,False,,False,11,7,False,False,0,0.3647058823529412,0.675,11,10,0.31714563765213977,0.725,0.09756097560975609,19.8,0.1976,False
EQX1063,Excavator,CUST08,S005,2025-10-23,2025-11-14,2025-11-14,2025-11-14,8.0,0.8,22,OP287,False,,False,12,0,False,False,0,0.09090909090909091,1.0,22,11,0.32146929626130355,0.7204545454545455,0.3647058823529412,19.0,0.2705,False
EQX1063,Excavator,CUST01,S006,2025-11-14,,2025-11-26,,4.9,5.3,12,OP139,True,False,True,13,4,True,False,0,0.5196078431372549,0.6125,12,12,0.3022559458152858,0.74375,0.09090909090909091,19.25,0.2616,False
EQX1063,Excavator,CUST07,S005,2025-11-30,2025-12-27,2025-12-27,2025-12-27,6.0,2.5,27,OP153,False,,False,14,4,False,True,,0.29411764705882354,0.75,27,13,0.31897532253236033,0.7336538461538461,0.5196078431372549,18.692307692307693,0.351,False
EQX1064,Bulldozer,CUST08,S002,2025-01-01,2025-01-23,2025-01-23,2025-01-23,2.2,6.7,22,OP195,False,,False,1,7,False,False,0,0.7528089887640449,0.275,22,0,,,,,0.5385,True
EQX1064,Bulldozer,CUST01,S004,2025-01-30,2025-02-23,2025-02-23,2025-02-23,3.1,5.5,24,OP212,False,,False,2,9,False,False,0,0.6395348837209303,0.3875,24,1,0.7528089887640449,0.275,0.7528089887640449,22.0,0.6042,True
EQX1064,Bulldozer,CUST14,S002,2025-03-04,2025-04-01,2025-04-02,2025-04-01,3.3,4.7,29,OP300,False,,False,3,26,False,False,1,0.5875,0.4125,28,2,0.6961719362424876,0.33125000000000004,0.6395348837209303,23.0,0.6553,True
EQX1064,Bulldozer,CUST04,S005,2025-04-27,2025-05-07,2025-05-08,2025-05-07,0.8,9.8,11,OP317,False,,False,4,5,True,False,0,0.9245283018867924,0.1,10,3,0.6599479574949917,0.35833333333333334,0.5875,24.666666666666668,0.5229,True
EQX1064,Bulldozer,CUST13,S004,2025-05-12,2025-06-02,2025-06-03,2025-06-02,3.4,5.2,22,OP258,False,,False,5,151,False,False,1,0.6046511627906977,0.425,21,4,0.7260930435929419,0.29375,0.9245283018867924,21.0,0.7163,True
EQX1064,Bulldozer,CUST07,S004,2025-10-31,2025-11-10,2025-11-10,2025-11-10,3.9,5.5,10,OP106,False,,False,6,12,False,False,0,0.5851063829787234,0.4875,10,5,0.701804667432493,0.32,0.6046511627906977,21.0,0.5719,True
EQX1064,Bulldozer,CUST13,S005,2025-11-22,2025-12-06,2025-12-06,2025-12-06,3.5,4.9,14,OP282,False,,False,7,20,False,True,,0.5833333333333334,0.4375,14,6,0.6823549533568648,0.34791666666666665,0.5851063829787234,19.166666666666668,0.5358,True
EQX1065,Excavator,CUST11,S006,2025-01-01,2025-01-14,2025-01-14,2025-01-14,5.0,4.0,13,OP232,False,,False,1,12,False,False,0,0.4444444444444444,0.625,13,0,,,,,0.4345,False
EQX1065,Excavator,CUST13,S005,2025-01-26,2025-02-15,2025-02-16,2025-02-15,1.6,10.5,21,OP218,False,,False,2,10,True,False,0,0.8677685950413223,0.2,20,1,0.4444444444444444,0.625,0.4444444444444444,13.0,0.411,False
EQX1065,Excavator,CUST14,S006,2025-02-25,2025-03-13,2025-03-13,2025-03-13,5.1,3.5,16,OP254,False,,False,3,1,False,False,0,0.4069767441860465,0.6375,16,2,0.6561065197428834,0.4125,0.8677685950413223,16.5,0.3977,False
EQX1065,Excavator,CUST08,S006,2025-03-14,2025-04-03,2025-04-03,2025-04-03,4.8,3.1,20,OP137,False,,False,4,8,False,False,0,0.3924050632911392,0.6,20,3,0.5730632612239378,0.4875,0.4069767441860465,16.333333333333332,0.4136,False
EQX1065,Excavator,CUST09,S002,2025-04-11,2025-04-27,2025-04-28,2025-04-27,4.7,4.2,17,OP275,False,,False,5,5,False,False,0,0.47191011235955055,0.5875,16,4,0.5278987117407381,0.515625,0.3924050632911392,17.25,0.3052,False
EQX1065,Excavator,CUST05,S002,2025-05-02,2025-05-27,2025-05-27,2025-05-27,6.2,2.6,25,OP243,False,,False,6,36,False,False,1,0.2954545454545454,0.775,25,5,0.5167009918645006,0.53,0.47191011235955055,17.0,0.4438,False
EQX1065,Excavator,CUST12,S005,2025-07-02,2025-07-24,2025-07-24,2025-07-24,5.2,3.9,22,OP191,False,,False,7,5,False,False,0,0.4285714285714286,0.65,22,6,0.4798265841295081,0.5708333333333333,0.2954545454545454,18.333333333333332,0.3399,False
EQX1065,Excavator,CUST14,S005,2025-07-29,2025-08-27,2025-08-27,2025-08-27,4.0,4.2,29,OP277,False,,False,8,0,False,False,0,0.5121951219512195,0.5,29,7,0.4725044190497824,0.5821428571428572,0.4285714285714286,18.857142857142858,0.3791,False
EQX1065,Excavator,CUST17,S006,2025-08-27,2025-09-15,2025-09-15,2025-09-15,4.1,4.3,19,OP161,False,,False,9,20,False,False,1,0.511904761904762,0.5125,19,8,0.47746575691246207,0.571875,0.5121951219512195,20.125,0.4579,False
EQX1065,Excavator,CUST17,S003,2025-10-05,2025-10-23,2025-10-24,2025-10-23,4.3,4.4,19,OP237,False,,False,10,50,False,True,,0.5057471264367817,0.5375,18,9,0.4812923130227176,0.5652777777777778,0.511904761904762,20.0,0.4598,False
EQX1066,Excavator,CUST12,S005,2025-01-01,2025-01-21,2025-01-22,2025-01-21,4.7,4.1,21,OP139,False,,False,1,21,False,False,1,0.46590909090909083,0.5875,20,0,,,,,0.5245,True
EQX1066,Excavator,CUST12,S005,2025-02-11,2025-03-07,2025-03-07,2025-03-07,2.5,5.8,24,OP237,False,,False,2,8,False,False,0,0.6987951807228915,0.3125,24,1,0.46590909090909083,0.5875,0.46590909090909083,20.0,0.4071,False
EQX1066,Excavator,CUST07,S002,2025-03-15,2025-04-12,2025-04-13,2025-04-12,4.2,4.2,29,OP308,False,,False,3,7,False,False,0,0.5,0.525,28,2,0.5823521358159911,0.45,0.6987951807228915,22.0,0.4255,False
EQX1066,Excavator,CUST05,S001,2025-04-19,2025-04-29,2025-04-29,2025-04-29,0.8,11.4,10,OP239,False,,False,4,66,True,False,1,0.9344262295081966,0.1,10,3,0.5549014238773274,0.47500000000000003,0.5,24.0,0.5659,True
EQX1066,Excavator,CUST11,S002,2025-07-04,2025-07-26,2025-07-26,2025-07-26,4.4,4.7,22,OP202,False,,False,5,22,False,False,1,0.5164835164835164,0.55,22,4,0.6497826252850447,0.38125000000000003,0.9344262295081966,20.5,0.5767,True
EQX1066,Excavator,CUST07,S006,2025-08-17,2025-09-12,2025-09-12,2025-09-12,5.6,3.2,26,OP235,False,,False,6,3,False,False,0,0.36363636363636365,0.7,26,5,0.623122803524739,0.41500000000000004,0.5164835164835164,20.8,0.454,False
EQX1066,Excavator,CUST17,S001,2025-09-15,2025-10-01,2025-10-01,2025-10-01,3.4,5.8,16,OP264,False,,False,7,4,False,False,0,0.6304347826086957,0.425,16,6,0.5798750635433432,0.46249999999999997,0.36363636363636365,21.666666666666668,0.3296,False
EQX1066,Excavator,CUST10,S004,2025-10-05,2025-10-20,2025-10-21,2025-10-20,4.4,4.5,16,OP238,False,,False,8,0,False,False,0,0.5056179775280899,0.55,15,7,0.5870978805526793,0.4571428571428572,0.6304347826086957,20.857142857142858,0.4312,False
EQX1066,Excavator,CUST04,S005,2025-10-20,2025-11-02,2025-11-03,2025-11-02,4.0,4.3,14,OP253,False,,False,9,7,False,False,0,0.5180722891566264,0.5,13,8,0.5769128926746055,0.46875,0.5056179775280899,20.125,0.3995,False
EQX1066,Excavator,CUST13,S006,2025-11-09,2025-11-25,2025-11-25,2025-11-25,1.6,6.7,16,OP328,False,,False,10,29,False,True,,0.8072289156626505,0.2,16,9,0.5703750478392746,0.4722222222222222,0.5180722891566264,19.333333333333332,0.4409,False
EQX1067,Crane,CUST13,S001,2025-01-01,2025-01-13,2025-01-14,2025-01-13,3.2,2.0,13,OP232,False,,False,1,20,False,False,1,0.3846153846153846,0.64,12,0,,,,,0.4329,False
EQX1067,Crane,CUST03,S006,2025-02-02,2025-02-17,2025-02-17,2025-02-17,4.6,0.9,15,OP111,False,,False,2,7,False,False,0,0.16363636363636364,0.9199999999999999,15,1,0.3846153846153846,0.64,0.3846153846153846,12.0,0.1961,False
EQX1067,Crane,CUST10,S002,2025-02-24,2025-03-21,2025-03-22,2025-03-21,5.3,0.2,26,OP206,False,,False,3,9,False,False,0,0.03636363636363637,1.06,25,2,0.2741258741258741,0.78,0.16363636363636364,13.5,0.2999,False
EQX1067,Crane,CUST05,S006,2025-03-30,2025-04-10,2025-04-11,2025-04-10,3.3,2.4,12,OP164,False,,False,4,5,False,False,0,0.4210526315789474,0.6599999999999999,11,3,0.19487179487179485,0.8733333333333334,0.03636363636363637,17.333333333333332,0.252,False
EQX1067,Crane,CUST03,S002,2025-04-15,2025-05-11,2025-05-11,2025-05-11,3.1,2.9,26,OP292,False,,False,5,12,False,False,0,0.48333333333333334,0.62,26,4,0.251417004048583,0.8200000000000001,0.4210526315789474,15.75,0.355,False
EQX1067,Crane,CUST11,S004,2025-05-23,2025-06-12,2025-06-12,2025-06-12,4.8,0.4,20,OP151,False,,False,6,2,False,False,0,0.07692307692307693,0.96,20,5,0.29780026990553304,0.78,0.48333333333333334,17.8,0.2825,False
EQX1067,Crane,CUST11,S006,2025-06-14,2025-06-24,2025-06-25,2025-06-24,2.8,2.7,11,OP166,False,,False,7,23,False,False,1,0.49090909090909096,0.5599999999999999,10,6,0.260987404408457,0.81,0.07692307692307693,18.166666666666668,0.4212,False
EQX1067,Crane,CUST18,S002,2025-07-17,2025-08-01,2025-08-02,2025-08-01,3.1,1.9,16,OP181,False,,False,8,3,False,False,0,0.38,0.62,15,7,0.29383335962283336,0.7742857142857142,0.49090909090909096,17.0,0.3266,False
EQX1067,Crane,CUST02,S001,2025-08-04,2025-08-19,2025-08-20,2025-08-19,3.0,3.1,16,OP310,False,,False,9,14,False,False,1,0.5081967213114754,0.6,15,8,0.30460418966997915,0.755,0.38,16.75,0.4234,False
EQX1067,Crane,CUST18,S001,2025-09-02,2025-09-17,2025-09-17,2025-09-17,4.0,1.6,15,OP129,False,,False,10,0,False,False,0,0.28571428571428575,0.8,15,9,0.32722558207458985,0.7377777777777778,0.5081967213114754,16.555555555555557,0.2152,False
EQX1067,Crane,CUST06,S006,2025-09-17,2025-09-30,2025-10-01,2025-09-30,4.5,1.0,14,OP164,False,,False,11,4,False,False,0,0.18181818181818182,0.9,13,10,0.3230744524385595,0.744,0.28571428571428575,16.4,0.179,False
EQX1067,Crane,CUST11,S003,2025-10-04,2025-10-29,2025-10-29,2025-10-29,4.6,1.2,25,OP237,False,,False,12,4,False,False,0,0.20689655172413793,0.9199999999999999,25,11,0.3102329732912524,0.7581818181818182,0.18181818181818182,16.09090909090909,0.2828,False
EQX1067,Crane,CUST10,S002,2025-11-02,2025-11-22,2025-11-23,2025-11-22,4.1,1.1,21,OP180,False,,False,13,18,False,False,1,0.2115384615384616,0.82,20,12,0.3016216048273262,0.7716666666666666,0.20689655172413793,16.833333333333332,0.4438,False
EQX1067,Crane,CUST09,S004,2025-12-10,2025-12-23,2025-12-24,2025-12-23,3.6,1.5,14,OP152,False,,False,14,0,False,True,,0.29411764705882354,0.72,13,13,0.2946921322666443,0.7753846153846153,0.2115384615384616,17.076923076923077,0.2653,False
EQX1068,Bulldozer,CUST05,S005,2025-01-01,2025-01-22,2025-01-22,2025-01-22,0.1,7.9,21,OP180,False,,False,1,20,False,False,1,0.9875,0.0125,21,0,,,,,0.6962,True
EQX1068,Bulldozer,CUST18,S003,2025-02-11,2025-02-27,2025-02-27,2025-02-27,0.7,7.1,16,OP301,False,,False,2,5,False,False,0,0.9102564102564102,0.0875,16,1,0.9875,0.0125,0.9875,21.0,0.5991,True
EQX1068,Bulldozer,CUST09,S004,2025-03-04,2025-03-30,2025-03-31,2025-03-30,1.0,8.2,27,OP134,False,,False,3,156,False,False,1,0.8913043478260869,0.125,26,2,0.9488782051282052,0.049999999999999996,0.9102564102564102,18.5,0.5477,True
EQX1068,Bulldozer,CUST05,S001,2025-09-02,2025-09-21,2025-09-22,2025-09-21,0.4,8.5,20,OP249,False,,False,4,28,False,False,1,0.9550561797752809,0.05,19,3,0.9296869193608325,0.075,0.8913043478260869,21.0,0.6798,True
EQX1068,Bulldozer,CUST06,S005,2025-10-19,2025-11-17,2025-11-17,2025-11-17,0.1,8.5,29,OP130,False,,False,5,9,False,False,0,0.9883720930232559,0.0125,29,4,0.9360292344644445,0.06875,0.9550561797752809,20.5,0.4855,False
EQX1068,Bulldozer,CUST04,S005,2025-11-26,,2025-12-22,,2.7,4.4,26,OP127,True,True,False,6,19,True,True,,0.6197183098591549,0.3375,26,5,0.9464978061762068,0.057499999999999996,0.9883720930232559,22.2,0.5117,True
EQX1069,Crane,CUST15,S004,2025-01-01,2025-01-24,2025-01-25,2025-01-24,1.7,4.0,24,OP287,False,,False,1,9,False,False,0,0.7017543859649122,0.33999999999999997,23,0,,,,,0.5171,True
EQX1069,Crane,CUST16,S001,2025-02-02,2025-03-02,2025-03-03,2025-03-02,1.7,3.5,29,OP127,False,,False,2,3,False,False,0,0.673076923076923,0.33999999999999997,28,1,0.7017543859649122,0.33999999999999997,0.7017543859649122,23.0,0.5845,True
EQX1069,Crane,CUST10,S003,2025-03-05,2025-03-23,2025-03-23,2025-03-23,0.7,4.5,18,OP160,False,,False,3,1,False,False,0,0.8653846153846153,0.13999999999999999,18,2,0.6874156545209176,0.33999999999999997,0.673076923076923,25.5,0.4992,False
EQX1069,Crane,CUST17,S003,2025-03-24,2025-04-19,2025-04-19,2025-04-19,2.0,3.1,26,OP119,False,,False,4,23,False,False,1,0.607843137254902,0.4,26,3,0.7467386414754835,0.2733333333333333,0.8653846153846153,23.0,0.6718,True
EQX1069,Crane,CUST12,S002,2025-05-12,2025-06-10,2025-06-10,2025-06-10,1.4,3.6,29,OP133,False,,False,5,13,False,False,0,0.72,0.27999999999999997,29,4,0.7120147654203381,0.305,0.607843137254902,23.75,0.517,True
EQX1069,Crane,CUST16,S002,2025-06-23,2025-07-09,2025-07-10,2025-07-09,1.2,4.6,17,OP240,False,,False,6,2,False,False,0,0.793103448275862,0.24,16,5,0.7136118123362705,0.3,0.72,24.8,0.5128,True
EQX1069,Crane,CUST11,S005,2025-07-11,2025-08-08,2025-08-09,2025-08-08,0.9,4.7,29,OP142,False,,False,7,6,False,False,0,0.8392857142857142,0.18,28,6,0.7268604183262024,0.29,0.793103448275862,23.333333333333332,0.5454,True
EQX1069,Crane,CUST16,S001,2025-08-14,2025-09-08,2025-09-08,2025-09-08,2.5,10.1,25,OP118,False,,False,8,6,True,False,0,0.8015873015873016,0.5,25,7,0.742921174891847,0.2742857142857143,0.8392857142857142,24.0,0.4677,False
EQX1069,Crane,CUST10,S001,2025-09-14,2025-09-30,2025-09-30,2025-09-30,0.0,5.3,16,OP327,False,,False,9,18,False,False,1,1.0,0.0,16,8,0.7502544407287788,0.3025,0.8015873015873016,24.125,0.7341,True
EQX1069,Crane,CUST13,S005,2025-10-18,2025-11-02,2025-11-03,2025-11-02,0.0,5.6,16,OP259,False,,False,10,37,False,False,1,1.0,0.0,15,9,0.77800394731447,0.2688888888888889,1.0,23.22222222222222,0.7319,True
EQX1069,Crane,CUST09,S002,2025-12-09,2025-12-28,2025-12-29,2025-12-28,0.5,4.9,20,OP282,False,,False,11,47,False,True,,0.9074074074074074,0.1,19,10,0.800203552583023,0.242,1.0,22.4,0.5965,True
EQX1070,Bulldozer,CUST08,S002,2025-01-01,2025-01-16,2025-01-17,2025-01-16,2.2,5.8,16,OP285,False,,False,1,13,False,False,0,0.725,0.275,15,0,,,,,0.4819,False
EQX1070,Bulldozer,CUST03,S004,2025-01-29,2025-02-11,2025-02-12,2025-02-11,5.2,3.7,14,OP185,False,,False,2,3,False,False,0,0.4157303370786517,0.65,13,1,0.725,0.275,0.725,15.0,0.5631,True
EQX1070,Bulldozer,CUST15,S006,2025-02-14,2025-03-11,2025-03-11,2025-03-11,6.8,1.4,25,OP302,False,,False,3,26,False,False,1,0.17073170731707318,0.85,25,2,0.5703651685393258,0.4625,0.4157303370786517,14.0,0.5132,True
EQX1070,Bulldozer,CUST04,S003,2025-04-06,2025-04-29,2025-04-29,2025-04-29,6.9,2.2,23,OP304,False,,False,4,2,False,False,0,0.24175824175824173,0.8625,23,3,0.4371540147985749,0.5916666666666667,0.17073170731707318,17.666666666666668,0.3225,False
EQX1070,Bulldozer,CUST17,S005,2025-05-01,2025-05-17,2025-05-17,2025-05-17,4.2,4.2,16,OP176,False,,False,5,26,False,False,1,0.5,0.525,16,4,0.38830507153849164,0.659375,0.24175824175824173,19.0,0.4355,False
EQX1070,Bulldozer,CUST16,S004,2025-06-12,2025-07-03,2025-07-03,2025-07-03,5.3,3.2,21,OP242,False,,False,6,8,False,False,0,0.3764705882352941,0.6625,21,5,0.41064405723079334,0.6325000000000001,0.5,18.4,0.3681,False
EQX1070,Bulldozer,CUST08,S004,2025-07-11,2025-07-29,2025-07-30,2025-07-29,4.9,3.7,19,OP102,False,,False,7,6,False,False,0,0.4302325581395348,0.6125,18,6,0.40494847906487674,0.6375000000000001,0.3764705882352941,18.833333333333332,0.4047,False
EQX1070,Bulldozer,CUST17,S003,2025-08-04,2025-09-02,2025-09-02,2025-09-02,5.2,3.8,29,OP132,False,,False,8,6,False,False,0,0.4222222222222222,0.65,29,7,0.4085604903612565,0.6339285714285714,0.4302325581395348,18.714285714285715,0.3822,False
EQX1070,Bulldozer,CUST15,S004,2025-09-08,2025-09-28,2025-09-29,2025-09-28,6.9,1.7,21,OP145,False,,False,9,6,False,False,0,0.19767441860465115,0.8625,20,8,0.4102682068438772,0.6359375,0.4222222222222222,20.0,0.3055,False
EQX1070,Bulldozer,CUST02,S006,2025-10-04,2025-10-28,2025-10-28,2025-10-28,5.3,3.1,24,OP119,False,,False,10,6,False,False,0,0.36904761904761907,0.6625,24,9,0.38664667481729653,0.6611111111111111,0.19767441860465115,20.0,0.3838,False
EQX1070,Bulldozer,CUST13,S004,2025-11-03,2025-11-17,2025-11-17,2025-11-17,2.5,6.0,14,OP160,False,,False,11,14,False,False,1,0.7058823529411765,0.3125,14,10,0.3848867692403288,0.66125,0.36904761904761907,20.4,0.3764,False
EQX1070,Bulldozer,CUST03,S002,2025-12-01,2025-12-26,2025-12-27,2025-12-26,3.9,4.7,26,OP148,False,,False,12,5,False,True,,0.5465116279069768,0.4875,25,11,0.41406818594040584,0.6295454545454545,0.7058823529411765,19.818181818181817,0.3158,False
EQX1071,Bulldozer,CUST09,S002,2025-01-01,,2025-01-25,,2.0,3.4,24,OP229,True,False,True,1,10,True,False,0,0.6296296296296295,0.25,24,0,,,,,0.5094,True
EQX1071,Bulldozer,CUST06,S004,2025-02-04,2025-02-19,2025-02-20,2025-02-19,6.2,2.4,16,OP292,False,,False,2,10,False,False,0,0.27906976744186046,0.775,15,1,0.6296296296296295,0.25,0.6296296296296295,24.0,0.4652,False
EQX1071,Bulldozer,CUST04,S001,2025-03-01,2025-03-14,2025-03-14,2025-03-14,7.6,0.9,13,OP251,False,,False,3,2,False,False,0,0.10588235294117647,0.95,13,2,0.45434969853574503,0.5125,0.27906976744186046,19.5,0.2037,False
EQX1071,Bulldozer,CUST12,S005,2025-03-16,2025-04-07,2025-04-08,2025-04-07,4.7,3.8,23,OP162,False,,False,4,20,False,False,1,0.44705882352941173,0.5875,22,3,0.3381939166708888,0.6583333333333333,0.10588235294117647,17.333333333333332,0.4312,False
EQX1071,Bulldozer,CUST03,S004,2025-04-27,2025-05-06,2025-05-07,2025-05-06,8.0,0.9,10,OP195,False,,False,5,5,False,False,0,0.10112359550561797,1.0,9,4,0.3654101433855196,0.640625,0.44705882352941173,18.5,0.2366,False
EQX1071,Bulldozer,CUST18,S001,2025-05-11,2025-05-25,2025-05-25,2025-05-25,7.1,2.2,14,OP229,False,,False,6,8,False,False,0,0.23655913978494625,0.8875,14,5,0.31255283380953924,0.7125,0.10112359550561797,16.6,0.1419,False
EQX1071,Bulldozer,CUST14,S005,2025-06-02,2025-06-20,2025-06-21,2025-06-20,5.5,3.4,19,OP251,False,,False,7,0,False,False,0,0.38202247191011235,0.6875,18,6,0.2998872181387737,0.7416666666666667,0.23655913978494625,16.166666666666668,0.323,False
EQX1071,Bulldozer,CUST14,S005,2025-06-20,2025-07-16,2025-07-16,2025-07-16,3.2,8.9,26,,False,,False,8,4,True,False,0,0.7355371900826446,0.4,26,7,0.3116208258203935,0.7339285714285715,0.38202247191011235,16.428571428571427,0.3572,False
EQX1071,Bulldozer,CUST02,S004,2025-07-20,2025-07-29,2025-07-30,2025-07-29,6.1,2.3,10,OP246,False,,False,9,0,False,False,0,0.27380952380952384,0.7625,9,8,0.3646103713531749,0.6921875,0.7355371900826446,17.625,0.2377,False
EQX1071,Bulldozer,CUST01,S001,2025-07-29,2025-08-15,2025-08-15,2025-08-15,6.8,1.0,17,OP194,False,,False,10,7,False,False,0,0.12820512820512822,0.85,17,9,0.35452138829276925,0.7,0.27380952380952384,16.666666666666668,0.234,False
EQX1071,Bulldozer,CUST15,S002,2025-08-22,2025-09-05,2025-09-05,2025-09-05,6.3,2.3,14,OP204,False,,False,11,4,False,False,0,0.26744186046511625,0.7875,14,10,0.33188976228400513,0.7150000000000001,0.12820512820512822,16.7,0.1388,False
EQX1071,Bulldozer,CUST15,S005,2025-09-09,2025-10-04,2025-10-04,2025-10-04,6.2,2.5,25,OP151,False,,False,12,6,False,False,0,0.2873563218390805,0.775,25,11,0.3260308621186516,0.7215909090909091,0.26744186046511625,16.454545454545453,0.2803,False
EQX1071,Bulldozer,CUST01,S006,2025-10-10,2025-10-26,2025-10-26,2025-10-26,6.9,1.3,16,OP156,False,,False,13,1,False,False,0,0.15853658536585363,0.8625,16,12,0.3228079837620207,0.7260416666666667,0.2873563218390805,17.166666666666668,0.1684,False
EQX1071,Bulldozer,CUST10,S003,2025-10-27,2025-11-09,2025-11-09,2025-11-09,7.9,0.7,13,OP156,False,,False,14,0,False,False,0,0.0813953488372093,0.9875,13,13,0.3101717223469309,0.7365384615384615,0.15853658536585363,17.076923076923077,0.175,False
EQX1071,Bulldozer,CUST03,S006,2025-11-09,2025-11-19,2025-11-20,2025-11-19,7.8,0.6,11,OP208,False,,False,15,13,False,False,0,0.07142857142857142,0.975,10,14,0.2938305528105222,0.7544642857142857,0.0813953488372093,16.785714285714285,0.1961,False
EQX1071,Bulldozer,CUST15,S006,2025-12-02,2025-12-22,2025-12-22,2025-12-22,7.9,0.7,20,OP246,False,,False,16,9,False,True,,0.0813953488372093,0.9875,20,15,0.2790037540517255,0.7691666666666667,0.07142857142857142,16.333333333333332,0.248,False
EQX1072,Excavator,CUST13,S003,2025-01-01,2025-01-17,2025-01-17,2025-01-17,2.5,5.5,16,OP175,False,,False,1,26,False,False,1,0.6875,0.3125,16,0,,,,,0.4976,False
EQX1072,Excavator,CUST18,S004,2025-02-12,2025-03-04,2025-03-04,2025-03-04,4.2,4.3,20,OP199,False,,False,2,22,False,False,1,0.5058823529411764,0.525,20,1,0.6875,0.3125,0.6875,16.0,0.704,True
EQX1072,Excavator,CUST17,S006,2025-03-26,2025-04-22,2025-04-23,2025-04-22,0.0,11.0,28,OP125,False,,False,3,41,True,False,1,1.0,0.0,27,2,0.5966911764705882,0.41875,0.5058823529411764,18.0,0.7047,True
EQX1072,Excavator,CUST04,S001,2025-06-02,2025-06-26,2025-06-27,2025-06-26,2.1,6.7,25,OP264,False,,False,4,17,False,False,1,0.7613636363636364,0.2625,24,3,0.7311274509803921,0.2791666666666667,1.0,21.0,0.6771,True
EQX1072,Excavator,CUST14,S001,2025-07-13,2025-07-28,2025-07-28,2025-07-28,4.0,4.9,15,OP268,False,,False,5,50,False,False,1,0.550561797752809,0.5,15,4,0.7386864973262032,0.275,0.7613636363636364,21.75,0.6683,True
EQX1072,Excavator,CUST13,S006,2025-09-16,2025-10-11,2025-10-11,2025-10-11,1.6,11.8,25,OP137,False,,False,6,71,True,True,,0.8805970149253731,0.2,25,5,0.7010615574115244,0.32,0.550561797752809,20.4,0.5451,True
EQX1073,Crane,CUST10,S001,2025-01-01,2025-01-17,2025-01-17,2025-01-17,2.4,3.6,16,OP286,False,,False,1,10,False,False,0,0.6,0.48,16,0,,,,,0.4608,False
EQX1073,Crane,CUST14,S004,2025-01-27,2025-02-18,2025-02-19,2025-02-18,2.3,2.9,23,OP213,False,,False,2,11,False,False,0,0.5576923076923077,0.45999999999999996,22,1,0.6,0.48,0.6,16.0,0.5165,True
EQX1073,Crane,CUST11,S002,2025-03-01,2025-03-28,2025-03-29,2025-03-28,1.8,3.3,28,OP209,False,,False,3,24,False,False,1,0.6470588235294118,0.36,27,2,0.5788461538461538,0.47,0.5576923076923077,19.0,0.552,True
EQX1073,Crane,CUST13,S001,2025-04-21,2025-05-06,2025-05-07,2025-05-06,1.3,4.1,16,OP238,False,,False,4,11,False,False,0,0.7592592592592593,0.26,15,3,0.6015837104072398,0.4333333333333333,0.6470588235294118,21.666666666666668,0.4704,False
EQX1073,Crane,CUST15,S002,2025-05-17,,2025-05-29,,1.1,5.2,12,OP168,True,True,True,5,6,True,False,0,0.8253968253968254,0.22000000000000003,12,4,0.6410025976202447,0.39,0.7592592592592593,20.0,0.5164,True
EQX1073,Crane,CUST13,S001,2025-06-04,2025-06-26,2025-06-26,2025-06-26,1.2,3.5,22,OP164,False,,False,6,4,False,False,0,0.7446808510638298,0.24,22,5,0.6778814431755608,0.356,0.8253968253968254,18.4,0.5633,True
EQX1073,Crane,CUST17,S001,2025-06-30,2025-07-21,2025-07-21,2025-07-21,1.9,3.3,21,OP274,False,,False,7,43,False,False,1,0.6346153846153847,0.38,21,6,0.6890146778236056,0.33666666666666667,0.7446808510638298,19.0,0.6373,True
EQX1073,Crane,CUST11,S005,2025-09-02,,2025-09-24,,2.2,4.9,22,OP277,True,True,True,8,1,True,False,0,0.6901408450704225,0.44000000000000006,22,7,0.6812433502224312,0.34285714285714286,0.6346153846153847,19.285714285714285,0.5347,True
EQX1073,Crane,CUST18,S003,2025-09-25,2025-10-10,2025-10-10,2025-10-10,2.2,3.3,15,OP142,False,,False,9,6,False,False,0,0.6,0.44000000000000006,15,8,0.6823555370784301,0.355,0.6901408450704225,19.625,0.5374,True
EQX1073,Crane,CUST06,S005,2025-10-16,2025-10-25,2025-10-26,2025-10-25,2.5,2.8,10,OP291,False,,False,10,23,False,False,1,0.5283018867924528,0.5,9,9,0.6732049218474935,0.36444444444444446,0.6,19.11111111111111,0.6206,True
EQX1073,Crane,CUST10,S005,2025-11-17,2025-12-01,2025-12-01,2025-12-01,1.1,11.0,14,OP285,False,,False,11,5,True,False,0,0.9090909090909092,0.22000000000000003,14,10,0.6587146183419894,0.378,0.5283018867924528,18.1,0.3869,False
EQX1073,Crane,CUST07,S004,2025-12-06,2025-12-19,2025-12-19,2025-12-19,1.9,3.3,13,OP318,False,,False,12,8,False,True,,0.6346153846153847,0.38,13,11,0.681476099319164,0.36363636363636365,0.9090909090909092,17.727272727272727,0.5229,True
EQX1074,Excavator,CUST14,S001,2025-01-01,2025-01-19,2025-01-20,2025-01-19,5.7,3.8,19,OP134,False,,False,1,33,False,False,1,0.39999999999999997,0.7125,18,0,,,,,0.4674,False
EQX1074,Excavator,CUST01,S004,2025-02-21,2025-03-10,2025-03-10,2025-03-10,4.0,4.4,17,OP199,False,,False,2,11,False,False,0,0.5238095238095238,0.5,17,1,0.39999999999999997,0.7125,0.39999999999999997,18.0,0.3661,False
EQX1074,Excavator,CUST16,S003,2025-03-21,2025-04-09,2025-04-10,2025-04-09,2.3,5.7,20,OP101,False,,False,3,4,False,False,0,0.7125,0.2875,19,2,0.46190476190476193,0.60625,0.5238095238095238,17.5,0.4006,False
EQX1074,Excavator,CUST07,S001,2025-04-13,2025-05-01,2025-05-01,2025-05-01,4.3,4.8,18,OP310,False,,False,4,6,False,False,0,0.5274725274725275,0.5375,18,3,0.5454365079365079,0.5,0.7125,18.0,0.3773,False
EQX1074,Excavator,CUST01,S006,2025-05-07,2025-05-17,2025-05-17,2025-05-17,3.8,4.5,10,OP179,False,,False,5,21,False,False,1,0.5421686746987951,0.475,10,4,0.5409455128205128,0.509375,0.5274725274725275,18.0,0.4248,False
EQX1074,Excavator,CUST16,S003,2025-06-07,2025-07-04,2025-07-04,2025-07-04,4.6,3.2,27,OP180,False,,False,6,13,False,False,0,0.4102564102564103,0.575,27,5,0.5411901451961694,0.5025000000000001,0.5421686746987951,16.4,0.4113,False
EQX1074,Excavator,CUST05,S003,2025-07-17,2025-08-05,2025-08-06,2025-08-05,3.5,4.5,20,OP327,False,,False,7,11,False,False,0,0.5625,0.4375,19,6,0.5193678560395428,0.5145833333333333,0.4102564102564103,18.166666666666668,0.3246,False
EQX1074,Excavator,CUST18,S003,2025-08-16,2025-08-30,2025-08-31,2025-08-30,3.9,4.3,15,OP279,False,,False,8,3,False,False,0,0.524390243902439,0.4875,14,7,0.5255295908910367,0.5035714285714286,0.5625,18.285714285714285,0.3027,False
EQX1074,Excavator,CUST04,S001,2025-09-02,2025-09-17,2025-09-18,2025-09-17,3.0,5.1,16,OP207,False,,False,9,0,False,False,0,0.6296296296296297,0.375,15,8,0.5253871725174619,0.5015625,0.524390243902439,17.75,0.312,False
EQX1074,Excavator,CUST03,S003,2025-09-17,,2025-10-14,,1.5,6.2,27,OP136,True,False,True,10,2,True,False,0,0.8051948051948052,0.1875,27,9,0.5369696677521473,0.48750000000000004,0.6296296296296297,17.444444444444443,0.4189,False
EQX1074,Excavator,CUST01,S006,2025-10-16,2025-11-08,2025-11-09,2025-11-08,5.5,2.9,24,OP275,False,,False,11,12,False,False,0,0.34523809523809523,0.6875,23,10,0.5637921814964131,0.4575,0.8051948051948052,18.4,0.3577,False
EQX1074,Excavator,CUST09,S002,2025-11-20,2025-12-12,2025-12-13,2025-12-12,4.7,4.7,23,OP326,False,,False,12,88,False,True,,0.5,0.5875,22,11,0.5439236282002023,0.47840909090909095,0.34523809523809523,18.818181818181817,0.3867,False
EQX1075,Crane,CUST13,S006,2025-01-01,2025-01-23,2025-01-24,2025-01-23,2.5,3.1,23,OP239,False,,False,1,40,False,False,1,0.5535714285714286,0.5,22,0,,,,,0.4868,False
EQX1075,Crane,CUST16,S006,2025-03-04,2025-03-22,2025-03-23,2025-03-22,0.3,4.8,19,OP196,False,,False,2,10,False,False,0,0.9411764705882353,0.06,18,1,0.5535714285714286,0.5,0.5535714285714286,22.0,0.5445,True
EQX1075,Crane,CUST01,S002,2025-04-01,2025-04-27,2025-04-27,2025-04-27,2.0,4.3,26,OP324,False,,False,3,23,False,False,1,0.6825396825396826,0.4,26,2,0.7473739495798319,0.28,0.9411764705882353,20.0,0.6913,True
EQX1075,Crane,CUST18,S005,2025-05-20,2025-06-08,2025-06-09,2025-06-08,2.1,3.9,20,OP106,False,,False,4,31,False,False,1,0.65,0.42000000000000004,19,3,0.7257625272331154,0.32,0.6825396825396826,22.0,0.7082,True
EQX1075,Crane,CUST01,S004,2025-07-09,2025-07-25,2025-07-25,2025-07-25,3.0,3.3,16,OP138,False,,False,5,0,False,False,0,0.5238095238095238,0.6,16,4,0.7068218954248366,0.34500000000000003,0.65,21.25,0.5152,True
EQX1075,Crane,CUST18,S006,2025-07-25,2025-08-08,2025-08-09,2025-08-08,2.3,3.5,15,OP130,False,,False,6,18,False,False,1,0.603448275862069,0.45999999999999996,14,5,0.670219421101774,0.396,0.5238095238095238,20.2,0.5434,True
EQX1075,Crane,CUST01,S002,2025-08-26,2025-09-21,2025-09-21,2025-09-21,0.2,4.9,26,OP251,False,,False,7,3,False,False,0,0.9607843137254901,0.04,26,6,0.6590908968951565,0.4066666666666667,0.603448275862069,19.166666666666668,0.5258,True
EQX1075,Crane,CUST01,S005,2025-09-24,2025-10-06,2025-10-07,2025-10-06,2.2,4.0,13,OP266,False,,False,8,27,False,False,1,0.6451612903225806,0.44000000000000006,12,7,0.702189956442347,0.35428571428571426,0.9607843137254901,20.142857142857142,0.6658,True
EQX1075,Crane,CUST06,S001,2025-11-02,2025-11-16,2025-11-16,2025-11-16,2.9,2.3,14,OP223,False,,False,9,13,False,False,0,0.44230769230769235,0.58,14,8,0.6950613731773763,0.365,0.6451612903225806,19.125,0.482,False
EQX1075,Crane,CUST08,S001,2025-11-29,2025-12-13,2025-12-14,2025-12-13,1.1,4.8,15,OP322,False,,False,10,19,False,True,,0.8135593220338982,0.22000000000000003,14,9,0.6669776308585225,0.3888888888888889,0.44230769230769235,18.555555555555557,0.4063,False
EQX1076,Bulldozer,CUST06,S004,2025-01-01,2025-01-11,2025-01-12,2025-01-11,3.2,5.7,11,OP185,False,,False,1,11,False,False,0,0.6404494382022472,0.4,10,0,,,,,0.5031,True
EQX1076,Bulldozer,CUST04,S003,2025-01-22,2025-02-14,2025-02-15,2025-02-14,4.2,3.7,24,OP191,False,,False,2,16,False,False,1,0.46835443037974683,0.525,23,1,0.6404494382022472,0.4,0.6404494382022472,10.0,0.5826,True
EQX1076,Bulldozer,CUST13,S002,2025-03-02,2025-03-21,2025-03-22,2025-03-21,0.0,12.8,20,OP224,False,,False,3,40,True,False,1,1.0,0.0,19,2,0.554401934290997,0.4625,0.46835443037974683,16.5,0.6553,True
EQX1076,Bulldozer,CUST17,S002,2025-04-30,2025-05-28,2025-05-29,2025-05-28,4.0,4.5,29,OP164,False,,False,4,23,False,False,1,0.5294117647058824,0.5,28,3,0.7029346228606647,0.30833333333333335,1.0,17.333333333333332,0.7354,True
EQX1076,Bulldozer,CUST18,S002,2025-06-20,2025-07-06,2025-07-06,2025-07-06,3.6,5.6,16,OP216,False,,False,5,19,False,False,1,0.6086956521739131,0.45,16,4,0.6595539083219691,0.35625,0.5294117647058824,20.0,0.5954,True
EQX1076,Bulldozer,CUST16,S001,2025-07-25,2025-08-11,2025-08-11,2025-08-11,3.3,5.0,17,OP259,False,,False,6,76,False,False,1,0.6024096385542168,0.4125,17,5,0.649382257092358,0.375,0.6086956521739131,19.2,0.6105,True
EQX1076,Bulldozer,CUST13,S005,2025-10-26,2025-11-08,2025-11-08,2025-11-08,6.0,2.8,13,OP111,False,,False,7,29,False,False,1,0.3181818181818181,0.75,13,6,0.641553487336001,0.38125000000000003,0.6024096385542168,18.833333333333332,0.5231,True
EQX1076,Bulldozer,CUST04,S005,2025-12-07,2025-12-27,2025-12-27,2025-12-27,3.6,5.6,20,OP116,False,,False,8,2,False,True,,0.6086956521739131,0.45,20,7,0.5953575345996892,0.43392857142857144,0.3181818181818181,18.0,0.3887,False
EQX1077,Crane,CUST04,S001,2025-01-01,2025-01-23,2025-01-24,2025-01-23,3.1,2.4,23,OP300,False,,False,1,28,False,False,1,0.43636363636363634,0.62,22,0,,,,,0.5164,True
EQX1077,Crane,CUST09,S003,2025-02-20,2025-03-16,2025-03-16,2025-03-16,1.8,3.3,24,OP106,False,,False,2,0,False,False,0,0.6470588235294118,0.36,24,1,0.43636363636363634,0.62,0.43636363636363634,22.0,0.3675,False
EQX1077,Crane,CUST02,S002,2025-03-16,2025-04-03,2025-04-03,2025-04-03,1.9,4.6,18,OP243,False,,False,3,60,False,False,1,0.7076923076923076,0.38,18,2,0.5417112299465241,0.49,0.6470588235294118,23.0,0.5028,True
EQX1077,Crane,CUST01,S005,2025-06-02,2025-06-13,2025-06-13,2025-06-13,0.9,9.1,11,OP104,False,,False,4,7,True,False,0,0.9099999999999999,0.18,11,3,0.5970382558617852,0.4533333333333333,0.7076923076923076,21.333333333333332,0.464,False
EQX1077,Crane,CUST11,S001,2025-06-20,2025-07-05,2025-07-06,2025-07-05,0.6,4.8,16,OP159,False,,False,5,20,False,False,1,0.888888888888889,0.12,15,4,0.6752786918963389,0.385,0.9099999999999999,18.75,0.5866,True
EQX1077,Crane,CUST15,S001,2025-07-25,2025-08-12,2025-08-13,2025-08-12,1.8,3.5,19,OP268,False,,False,6,18,False,False,1,0.6603773584905661,0.36,18,5,0.7180007312948489,0.33199999999999996,0.888888888888889,18.0,0.76,True
EQX1077,Crane,CUST08,S004,2025-08-30,2025-09-19,2025-09-20,2025-09-19,2.2,3.7,21,OP182,False,,False,7,10,False,False,0,0.6271186440677966,0.44000000000000006,20,6,0.7083968358274685,0.33666666666666667,0.6603773584905661,18.0,0.645,True
EQX1077,Crane,CUST14,S006,2025-09-29,2025-10-09,2025-10-10,2025-10-09,2.0,4.0,11,OP173,False,,False,8,30,False,False,1,0.6666666666666666,0.4,10,7,0.6967856655760868,0.3514285714285714,0.6271186440677966,18.285714285714285,0.6853,True
EQX1077,Crane,CUST02,S006,2025-11-08,2025-11-25,2025-11-26,2025-11-25,1.7,4.1,18,OP147,False,,False,9,71,False,True,,0.7068965517241379,0.33999999999999997,17,8,0.6930207907124093,0.3575,0.6666666666666666,17.25,0.6298,True
EQX1078,Excavator,CUST14,S004,2025-01-01,2025-01-12,2025-01-13,2025-01-12,3.5,5.0,12,OP328,False,,False,1,9,False,False,0,0.5882352941176471,0.4375,11,0,,,,,0.4434,False
EQX1078,Excavator,CUST04,S001,2025-01-21,2025-02-10,2025-02-10,2025-02-10,4.7,4.4,20,OP319,False,,False,2,12,False,False,0,0.48351648351648346,0.5875,20,1,0.5882352941176471,0.4375,0.5882352941176471,11.0,0.5161,True
EQX1078,Excavator,CUST16,S005,2025-02-22,2025-03-22,2025-03-22,2025-03-22,5.0,4.2,28,OP218,False,,False,3,6,False,False,0,0.4565217391304348,0.625,28,2,0.5358758888170653,0.5125,0.48351648351648346,15.5,0.4187,False
EQX1078,Excavator,CUST01,S005,2025-03-28,2025-04-25,2025-04-25,2025-04-25,5.3,3.5,28,OP147,False,,False,4,8,False,False,0,0.3977272727272727,0.6625,28,3,0.5094245055881884,0.5499999999999999,0.4565217391304348,19.666666666666668,0.3937,False
EQX1078,Excavator,CUST10,S002,2025-05-03,2025-05-13,2025-05-13,2025-05-13,2.5,5.9,10,OP297,False,,False,5,12,False,False,0,0.7023809523809524,0.3125,10,4,0.4815001973729595,0.578125,0.3977272727272727,21.75,0.3531,False
EQX1078,Excavator,CUST01,S004,2025-05-25,2025-06-22,2025-06-22,2025-06-22,4.1,4.4,28,OP102,False,,False,6,3,False,False,0,0.5176470588235295,0.5125,28,5,0.5256763483745581,0.525,0.7023809523809524,19.4,0.3445,False
EQX1078,Excavator,CUST01,S005,2025-06-25,2025-07-17,2025-07-18,2025-07-17,5.1,3.5,23,OP268,False,,False,7,14,False,False,1,0.4069767441860465,0.6375,22,6,0.5243381334493867,0.5229166666666667,0.5176470588235295,20.833333333333332,0.4617,False
EQX1078,Excavator,CUST18,S001,2025-07-31,2025-08-14,2025-08-14,2025-08-14,2.4,6.3,14,OP316,False,,False,8,13,False,False,0,0.7241379310344828,0.3,14,7,0.507572220697481,0.5392857142857143,0.4069767441860465,21.0,0.2961,False
EQX1078,Excavator,CUST18,S001,2025-08-27,2025-09-14,2025-09-14,2025-09-14,6.5,2.3,18,OP325,False,,False,9,1,False,False,0,0.2613636363636363,0.8125,18,8,0.5346429344896062,0.509375,0.7241379310344828,20.125,0.3904,False
EQX1078,Excavator,CUST18,S004,2025-09-15,2025-10-05,2025-10-05,2025-10-05,4.2,4.4,20,OP265,False,,False,10,9,False,False,0,0.5116279069767441,0.525,20,9,0.504278568031165,0.5430555555555556,0.2613636363636363,19.88888888888889,0.324,False
EQX1078,Excavator,CUST09,S006,2025-10-14,2025-11-01,2025-11-01,2025-11-01,0.0,11.7,18,OP134,False,,False,11,4,True,False,0,1.0,0.0,18,10,0.5050135019257229,0.54125,0.5116279069767441,19.9,0.3106,False
EQX1078,Excavator,CUST16,S002,2025-11-05,2025-12-03,2025-12-03,2025-12-03,0.0,11.8,28,OP234,False,,False,12,5,True,False,0,1.0,0.0,28,11,0.55001227447793,0.4920454545454545,1.0,19.727272727272727,0.3767,False
EQX1078,Excavator,CUST11,S005,2025-12-08,2025-12-28,2025-12-29,2025-12-28,5.5,2.7,21,OP293,False,,False,13,13,False,True,,0.3292682926829269,0.6875,20,12,0.5875112516047691,0.4510416666666666,1.0,20.416666666666668,0.4012,False
EQX1079,Excavator,CUST08,S003,2025-01-01,2025-01-29,2025-01-29,2025-01-29,4.9,3.7,28,OP234,False,,False,1,4,False,False,0,0.4302325581395348,0.6125,28,0,,,,,0.4664,False
EQX1079,Excavator,CUST04,S001,2025-02-02,2025-02-12,2025-02-13,2025-02-12,7.2,1.2,11,OP233,False,,False,2,4,False,False,0,0.14285714285714285,0.9,10,1,0.4302325581395348,0.6125,0.4302325581395348,28.0,0.2169,False
EQX1079,Excavator,CUST15,S005,2025-02-16,2025-03-09,2025-03-09,2025-03-09,6.4,1.5,21,OP211,False,,False,3,5,False,False,0,0.18987341772151897,0.8,21,2,0.28654485049833883,0.7562500000000001,0.14285714285714285,19.0,0.354,False
EQX1079,Excavator,CUST07,S005,2025-03-14,2025-04-02,2025-04-02,2025-04-02,6.4,1.6,19,OP201,False,,False,4,0,False,False,0,0.2,0.8,19,3,0.2543210395727322,0.7708333333333334,0.18987341772151897,19.666666666666668,0.3517,False
EQX1079,Excavator,CUST16,S001,2025-04-02,2025-04-12,2025-04-13,2025-04-12,7.8,1.1,11,OP314,False,,False,5,9,False,False,0,0.12359550561797754,0.975,10,4,0.24074077967954916,0.7781250000000001,0.2,19.5,0.1716,False
EQX1079,Excavator,CUST17,S001,2025-04-21,2025-05-08,2025-05-09,2025-05-08,5.4,3.5,18,OP256,False,,False,6,3,False,False,0,0.3932584269662921,0.675,17,5,0.21731172486723485,0.8175000000000001,0.12359550561797754,17.6,0.2681,False
EQX1079,Excavator,CUST17,S004,2025-05-11,2025-06-07,2025-06-07,2025-06-07,7.1,1.4,27,OP166,False,,False,7,12,False,False,0,0.16470588235294117,0.8875,27,6,0.2466361752170777,0.7937500000000001,0.3932584269662921,17.5,0.2787,False
EQX1079,Excavator,CUST13,S004,2025-06-19,2025-06-28,2025-06-29,2025-06-28,6.6,2.8,10,OP219,False,,False,8,7,False,False,0,0.29787234042553196,0.825,9,7,0.2349318476650582,0.8071428571428572,0.16470588235294117,18.857142857142858,0.2305,False
EQX1079,Excavator,CUST09,S001,2025-07-05,2025-07-17,2025-07-17,2025-07-17,6.0,3.5,12,OP276,False,,False,9,9,False,False,0,0.3684210526315789,0.75,12,8,0.24279940926011742,0.809375,0.29787234042553196,17.625,0.2313,False
EQX1079,Excavator,CUST02,S004,2025-07-26,2025-08-05,2025-08-06,2025-08-05,8.3,0.2,11,OP246,False,,False,10,18,False,False,1,0.023529411764705882,1.0375,10,9,0.2567573696347243,0.8027777777777777,0.3684210526315789,17.0,0.4254,False
EQX1079,Excavator,CUST07,S004,2025-08-23,2025-09-13,2025-09-13,2025-09-13,1.5,10.4,21,OP227,False,,False,11,2,True,False,0,0.8739495798319328,0.1875,21,10,0.23343457384772243,0.8262499999999999,0.023529411764705882,16.3,0.2714,False
EQX1079,Excavator,CUST03,S003,2025-09-15,2025-10-05,2025-10-05,2025-10-05,7.3,1.9,20,OP221,False,,False,12,10,False,False,0,0.20652173913043478,0.9125,20,11,0.2916632107553779,0.7681818181818181,0.8739495798319328,16.727272727272727,0.2602,False
EQX1079,Excavator,CUST05,S005,2025-10-15,2025-11-07,2025-11-07,2025-11-07,8.3,0.5,23,OP326,False,,False,13,15,False,False,1,0.056818181818181816,1.0375,23,12,0.284568088119966,0.7802083333333334,0.20652173913043478,17.0,0.449,False
EQX1079,Excavator,CUST09,S006,2025-11-22,2025-12-20,2025-12-20,2025-12-20,6.1,2.9,28,OP313,False,,False,14,2,False,True,,0.3222222222222222,0.7625,28,13,0.2670488645582903,0.8,0.056818181818181816,17.46153846153846,0.3695,False
EQX1080,Crane,CUST02,S003,2025-01-01,2025-01-26,2025-01-27,2025-01-26,2.5,3.5,26,OP229,False,,False,1,13,False,False,0,0.5833333333333334,0.5,25,0,,,,,0.4684,False
EQX1080,Crane,CUST10,S004,2025-02-08,2025-02-21,2025-02-22,2025-02-21,3.5,1.9,14,OP120,False,,False,2,18,False,False,1,0.3518518518518518,0.7,13,1,0.5833333333333334,0.5,0.5833333333333334,25.0,0.4471,False
EQX1080,Crane,CUST02,S005,2025-03-11,2025-03-24,2025-03-25,2025-03-24,3.0,2.4,14,OP183,False,,False,3,21,False,False,1,0.4444444444444444,0.6,13,2,0.46759259259259256,0.6,0.3518518518518518,19.0,0.453,False
EQX1080,Crane,CUST14,S003,2025-04-14,2025-04-28,2025-04-29,2025-04-28,4.1,1.0,15,OP181,False,,False,4,38,False,False,1,0.19607843137254904,0.82,14,3,0.45987654320987653,0.6,0.4444444444444444,17.0,0.3935,False
EQX1080,Crane,CUST15,S003,2025-06-05,2025-06-16,2025-06-17,2025-06-16,3.9,1.4,12,OP132,False,,False,5,8,False,False,0,0.2641509433962264,0.78,11,4,0.39392701525054463,0.655,0.19607843137254904,16.25,0.2442,False
EQX1080,Crane,CUST07,S004,2025-06-24,2025-07-11,2025-07-12,2025-07-11,4.1,1.5,18,OP279,False,,False,6,3,False,False,0,0.26785714285714285,0.82,17,5,0.367971800879681,0.6799999999999999,0.2641509433962264,15.2,0.3082,False
EQX1080,Crane,CUST16,S001,2025-07-14,2025-08-03,2025-08-04,2025-08-03,4.6,1.4,21,OP183,False,,False,7,12,False,False,0,0.2333333333333333,0.9199999999999999,20,6,0.35128602454259134,0.7033333333333333,0.26785714285714285,15.5,0.253,False
EQX1080,Crane,CUST15,S002,2025-08-15,2025-09-12,2025-09-12,2025-09-12,2.7,3.0,28,OP114,False,,False,8,30,False,False,1,0.5263157894736842,0.54,28,7,0.33443564008412585,0.7342857142857142,0.2333333333333333,16.142857142857142,0.4583,False
EQX1080,Crane,CUST04,S003,2025-10-12,2025-10-30,2025-10-30,2025-10-30,2.5,2.6,18,OP196,False,,False,9,1,False,False,0,0.5098039215686275,0.5,18,8,0.3584206587578207,0.71,0.5263157894736842,17.625,0.3629,False
EQX1080,Crane,CUST03,S004,2025-10-31,2025-11-13,2025-11-13,2025-11-13,2.7,3.2,13,OP173,False,,False,10,6,False,False,0,0.5423728813559322,0.54,13,9,0.37524102129235476,0.6866666666666666,0.5098039215686275,17.666666666666668,0.3275,False
EQX1080,Crane,CUST08,S003,2025-11-19,2025-12-16,2025-12-17,2025-12-16,2.3,3.5,28,OP167,False,,False,11,21,False,True,,0.603448275862069,0.45999999999999996,27,10,0.3919542072987125,0.6719999999999999,0.5423728813559322,17.2,0.3636,False
EQX1081,Crane,CUST16,S006,2025-01-01,2025-01-25,2025-01-26,2025-01-25,3.6,2.5,25,OP252,False,,False,1,3,False,False,0,0.4098360655737705,0.72,24,0,,,,,0.4399,False
EQX1081,Crane,CUST13,S003,2025-01-28,2025-02-23,2025-02-23,2025-02-23,0.0,12.1,26,OP317,False,,False,2,32,True,False,1,1.0,0.0,26,1,0.4098360655737705,0.72,0.4098360655737705,24.0,0.6391,True
EQX1081,Crane,CUST05,S004,2025-03-27,2025-04-07,2025-04-07,2025-04-07,3.8,1.1,11,OP185,False,,False,3,9,False,False,0,0.22448979591836735,0.76,11,2,0.7049180327868853,0.36,1.0,25.0,0.3881,False
EQX1081,Crane,CUST06,,2025-04-16,2025-05-10,2025-05-10,2025-05-10,4.6,7.2,24,OP212,False,,False,4,1,True,False,0,0.6101694915254237,0.9199999999999999,24,3,0.544775287164046,0.49333333333333335,0.22448979591836735,20.333333333333332,0.3146,False
EQX1081,Crane,CUST16,S003,2025-05-11,2025-05-30,2025-05-30,2025-05-30,4.0,1.3,19,OP279,False,,False,5,6,False,False,0,0.24528301886792456,0.8,19,4,0.5611238382543904,0.6,0.6101694915254237,21.25,0.4261,False
EQX1081,Crane,CUST17,S001,2025-06-05,2025-06-22,2025-06-22,2025-06-22,4.0,1.1,17,OP180,False,,False,6,15,False,False,1,0.21568627450980396,0.8,17,5,0.49795567437709726,0.64,0.24528301886792456,20.8,0.4464,False
EQX1081,Crane,CUST08,S003,2025-07-07,2025-07-29,2025-07-30,2025-07-29,4.2,1.5,23,OP154,False,,False,7,0,False,False,0,0.2631578947368421,0.8400000000000001,22,6,0.45091077439921506,0.6666666666666666,0.21568627450980396,20.166666666666668,0.3655,False
EQX1081,Crane,CUST15,S001,2025-07-29,2025-08-11,2025-08-12,2025-08-11,3.7,1.4,14,OP182,False,,False,8,0,False,False,0,0.27450980392156865,0.74,13,7,0.4240889344474475,0.6914285714285714,0.2631578947368421,20.428571428571427,0.3,False
EQX1081,Crane,CUST06,S001,2025-08-11,2025-08-27,2025-08-27,2025-08-27,4.0,1.2,16,OP149,False,,False,9,3,False,False,0,0.23076923076923075,0.8,16,8,0.4053915431317126,0.6975,0.27450980392156865,19.5,0.2776,False
EQX1081,Crane,CUST16,S003,2025-08-30,2025-09-11,2025-09-12,2025-09-11,4.0,1.4,13,OP323,False,,False,10,0,False,False,0,0.25925925925925924,0.8,12,9,0.38598906398032573,0.7088888888888889,0.23076923076923075,19.11111111111111,0.2933,False
EQX1081,Crane,CUST02,S002,2025-09-11,2025-09-23,2025-09-24,2025-09-23,3.9,1.2,13,OP227,False,,False,11,6,False,False,0,0.23529411764705882,0.78,12,10,0.3733160835082191,0.718,0.25925925925925924,18.4,0.2143,False
EQX1081,Crane,CUST16,S003,2025-09-29,2025-10-28,2025-10-28,2025-10-28,3.4,1.6,29,OP221,False,,False,12,34,False,False,1,0.32,0.6799999999999999,29,11,0.36076863206629545,0.7236363636363636,0.23529411764705882,17.818181818181817,0.4753,False
EQX1081,Crane,CUST15,S006,2025-12-01,2025-12-10,2025-12-11,2025-12-10,3.5,1.9,10,OP233,False,,False,13,5,False,False,0,0.3518518518518518,0.7,9,12,0.3573712460607708,0.7200000000000001,0.32,18.75,0.2565,False
EQX1081,Crane,CUST05,S006,2025-12-15,2025-12-24,2025-12-25,2025-12-24,0.0,11.7,10,OP231,False,,False,14,4,True,True,,1.0,0.0,9,13,0.3569466772754693,0.7184615384615385,0.3518518518518518,18.0,0.3502,False
